模组,键,说明,默认值,可选值,枚举原文及含义,client原始字段,原始tags,权限,参考配置支持,Wildwise 对应配置,Wildwise 边界,评估,源码,源码定位
Insight,language,语言,automatic,automatic / en / zh / br / es / ru / ko,"[{""hover"": ""使用游戏当前的语言设定"", ""description"": ""自动"", ""data"": ""automatic""}, {""hover"": ""英语"", ""description"": ""英语"", ""data"": ""en""}, {""hover"": ""中文"", ""description"": ""中文"", ""data"": ""zh""}, {""hover"": ""Portuguese"", ""description"": ""Portuguese"", ""data"": ""br""}, {""hover"": ""Spanish"", ""description"": ""Spanish"", ""data"": ""es""}, {""hover"": ""Russian"", ""description"": ""Russian"", ""data"": ""ru""}, {""hover"": ""韩国语"", ""description"": ""韩国语"", ""data"": ""ko""}]",true,{},个人优先,✅,✅,language：auto/zh/en；不支持参考的葡/西/俄/韩。,按用户群体按需增加语言,/tmp/wildwise-research/insight/modinfo.lua,[language](/tmp/wildwise-research/insight/modinfo.lua:6769)
Insight,info_style,信息类型,text,text / icon,"[{""hover"": ""显示纯文字"", ""description"": ""文字"", ""data"": ""text""}, {""hover"": ""显示图标替代文字"", ""description"": ""图标"", ""data"": ""icon""}]",true,{},个人优先,✅,❌,固定原生文本/单位/行数；检查键展开、3 档预设不能替代该独立配置。,信息开关、时间单位、截断提示优先；字体样式按需,/tmp/wildwise-research/insight/modinfo.lua,[info_style](/tmp/wildwise-research/insight/modinfo.lua:6784)
Insight,text_coloring,文字着色,true,false / true,"[{""hover"": ""禁用文字着色 :("", ""description"": ""禁用"", ""data"": false}, {""hover"": ""启用文字着色"", ""description"": ""启用"", ""data"": true}]",true,{},个人优先,✅,❌,固定原生文本/单位/行数；检查键展开、3 档预设不能替代该独立配置。,信息开关、时间单位、截断提示优先；字体样式按需,/tmp/wildwise-research/insight/modinfo.lua,[text_coloring](/tmp/wildwise-research/insight/modinfo.lua:6794)
Insight,insight_font,字体,UIFONT,UIFONT / TITLEFONT / DIALOGFONT / NUMBERFONT / BODYTEXTFONT / TALKINGFONT,"[{""hover"": ""Insight将使用'UIFONT'字体"", ""description"": ""UIFONT"", ""data"": ""UIFONT""}, {""hover"": ""Insight将使用'TITLEFONT'字体"", ""description"": ""TITLEFONT"", ""data"": ""TITLEFONT""}, {""hover"": ""Insight将使用'DIALOGFONT'字体"", ""description"": ""DIALOGFONT"", ""data"": ""DIALOGFONT""}, {""hover"": ""Insight将使用'NUMBERFONT'字体"", ""description"": ""NUMBERFONT"", ""data"": ""NUMBERFONT""}, {""hover"": ""Insight将使用'BODYTEXTFONT'字体"", ""description"": ""BODYTEXTFONT"", ""data"": ""BODYTEXTFONT""}, {""hover"": ""Insight将使用'TALKINGFONT'字体"", ""description"": ""TALKINGFONT"", ""data"": ""TALKINGFONT""}]",true,{},个人优先,✅,❌,固定原生文本/单位/行数；检查键展开、3 档预设不能替代该独立配置。,信息开关、时间单位、截断提示优先；字体样式按需,/tmp/wildwise-research/insight/modinfo.lua,[insight_font](/tmp/wildwise-research/insight/modinfo.lua:6804)
Insight,hoverer_insight_font_size,鼠标悬停文本大小,30,20 / 21 / 22 / 23 / 24 / 25 / 26 / 27 / 28 / 29 / 30,"[{""description"": ""20"", ""data"": 20}, {""description"": ""21"", ""data"": 21}, {""description"": ""22"", ""data"": 22}, {""description"": ""23"", ""data"": 23}, {""description"": ""24"", ""data"": 24}, {""description"": ""25"", ""data"": 25}, {""description"": ""26"", ""data"": 26}, {""description"": ""27"", ""data"": 27}, {""description"": ""28"", ""data"": 28}, {""description"": ""29"", ""data"": 29}, {""description"": ""30"", ""data"": 30}]",true,{},个人优先,✅,✅,info_font_size / 个人 info.font_size：18/22/26/30，粒度不同。,保留；需要时扩展字号,/tmp/wildwise-research/insight/modinfo.lua,[hoverer_insight_font_size](/tmp/wildwise-research/insight/modinfo.lua:6811)
Insight,inventorybar_insight_font_size,控制器物品栏文本大小,25,20 / 21 / 22 / 23 / 24 / 25,"[{""description"": ""20"", ""data"": 20}, {""description"": ""21"", ""data"": 21}, {""description"": ""22"", ""data"": 22}, {""description"": ""23"", ""data"": 23}, {""description"": ""24"", ""data"": 24}, {""description"": ""25"", ""data"": 25}]",true,{},个人优先,✅,❌,固定原生文本/单位/行数；检查键展开、3 档预设不能替代该独立配置。,信息开关、时间单位、截断提示优先；字体样式按需,/tmp/wildwise-research/insight/modinfo.lua,[inventorybar_insight_font_size](/tmp/wildwise-research/insight/modinfo.lua:6818)
Insight,followtext_insight_font_size,控制器跟随文本大小,28,20 / 21 / 22 / 23 / 24 / 25 / 26 / 27 / 28,"[{""description"": ""20"", ""data"": 20}, {""description"": ""21"", ""data"": 21}, {""description"": ""22"", ""data"": 22}, {""description"": ""23"", ""data"": 23}, {""description"": ""24"", ""data"": 24}, {""description"": ""25"", ""data"": 25}, {""description"": ""26"", ""data"": 26}, {""description"": ""27"", ""data"": 27}, {""description"": ""28"", ""data"": 28}]",true,{},个人优先,✅,❌,固定原生文本/单位/行数；检查键展开、3 档预设不能替代该独立配置。,信息开关、时间单位、截断提示优先；字体样式按需,/tmp/wildwise-research/insight/modinfo.lua,[followtext_insight_font_size](/tmp/wildwise-research/insight/modinfo.lua:6825)
Insight,hoverer_line_truncation,悬停文本截断,None,None / 1 / 2 / 3 / 4 / 5,"[{""hover"": ""文本不会被截断。"", ""description"": ""None"", ""data"": ""None""}, {""hover"": ""文本将在第 1 行被截断"", ""description"": ""1"", ""data"": 1}, {""hover"": ""文本将在第 2 行被截断"", ""description"": ""2"", ""data"": 2}, {""hover"": ""文本将在第 3 行被截断"", ""description"": ""3"", ""data"": 3}, {""hover"": ""文本将在第 4 行被截断"", ""description"": ""4"", ""data"": 4}, {""hover"": ""文本将在第 5 行被截断"", ""description"": ""5"", ""data"": 5}]",true,{},个人优先,✅,❌,固定原生文本/单位/行数；检查键展开、3 档预设不能替代该独立配置。,信息开关、时间单位、截断提示优先；字体样式按需,/tmp/wildwise-research/insight/modinfo.lua,[hoverer_line_truncation](/tmp/wildwise-research/insight/modinfo.lua:6832)
Insight,alt_only_information,仅在检查时显示,false,false / true,"[{""hover"": ""信息正常显示"", ""description"": ""禁用"", ""data"": false}, {""hover"": ""仅当按住 Alt 键时显示信息"", ""description"": ""启用"", ""data"": true}]",true,{},个人优先,✅,❌,固定原生文本/单位/行数；检查键展开、3 档预设不能替代该独立配置。,信息开关、时间单位、截断提示优先；字体样式按需,/tmp/wildwise-research/insight/modinfo.lua,[alt_only_information](/tmp/wildwise-research/insight/modinfo.lua:6839)
Insight,itemtile_display,库存物品栏信息,percentages,none / numbers / percentages / mixed,"[{""hover"": ""不显示任何信息"", ""description"": ""无"", ""data"": ""none""}, {""hover"": ""显示具体次数"", ""description"": ""数字"", ""data"": ""numbers""}, {""hover"": ""显示默认百分比"", ""description"": ""百分比"", ""data"": ""percentages""}, {""hover"": ""可恢复耐久的物品显示默认百分比, 其他显示具体次数"", ""description"": ""兼用"", ""data"": ""mixed""}]",true,{},个人优先,✅,❌,固定原生文本/单位/行数；检查键展开、3 档预设不能替代该独立配置。,信息开关、时间单位、截断提示优先；字体样式按需,/tmp/wildwise-research/insight/modinfo.lua,[itemtile_display](/tmp/wildwise-research/insight/modinfo.lua:6861)
Insight,time_style,时间样式,realtime_short,gametime / realtime / both / gametime_short / realtime_short / both_short,"[{""hover"": ""以游戏内时间为基础显示时间信息：天数，时间小段"", ""description"": ""游戏时间"", ""data"": ""gametime""}, {""hover"": ""以现实时间为基础显示时间信息：时，分，秒"", ""description"": ""现实时间"", ""data"": ""realtime""}, {""hover"": ""使用两种显示形式：天，时间小段（时，分，秒）"", ""description"": ""兼用两种模式"", ""data"": ""both""}, {""hover"": ""简化版的以游戏内时间为基础显示时间信息"", ""description"": ""游戏时间（精简）"", ""data"": ""gametime_short""}, {""hover"": ""简化版的以现实时间为基础显示时间信息"", ""description"": ""现实时间（精简）"", ""data"": ""realtime_short""}, {""hover"": ""简化版的双模式显示"", ""description"": ""兼用两种模式（精简）"", ""data"": ""both_short""}]",true,{},个人优先,✅,❌,固定原生文本/单位/行数；检查键展开、3 档预设不能替代该独立配置。,信息开关、时间单位、截断提示优先；字体样式按需,/tmp/wildwise-research/insight/modinfo.lua,[time_style](/tmp/wildwise-research/insight/modinfo.lua:6873)
Insight,temperature_units,温度单位,game,game / celsius / fahrenheit,"[{""hover"": ""结冰: 0, 过热: 70"", ""description"": ""游戏温度"", ""data"": ""game""}, {""hover"": ""结冰: 0, 过热: 35"", ""description"": ""摄氏度"", ""data"": ""celsius""}, {""hover"": ""结冰: 32, 过热: 158"", ""description"": ""华氏度"", ""data"": ""fahrenheit""}]",true,{},个人优先,✅,❌,固定原生文本/单位/行数；检查键展开、3 档预设不能替代该独立配置。,信息开关、时间单位、截断提示优先；字体样式按需,/tmp/wildwise-research/insight/modinfo.lua,[temperature_units](/tmp/wildwise-research/insight/modinfo.lua:6888)
Insight,highlighting,高亮显示,true,false / true,"[{""hover"": ""箱子/物品不会高亮显示"", ""description"": ""否"", ""data"": false}, {""hover"": ""箱子/物品会高亮显示"", ""description"": ""是"", ""data"": true}]",true,{},个人优先,✅,❌,只提供手动同类定位和 8 秒文字标记，缺少自动/材质/燃料高亮配置。,补自动定位及易辨认反馈；黑暗穿透可忽略,/tmp/wildwise-research/insight/modinfo.lua,[highlighting](/tmp/wildwise-research/insight/modinfo.lua:6899)
Insight,experimental_highlighting,实验性高亮显示,true,false / true,"[{""hover"": ""使用正常高亮显示。"", ""description"": ""否"", ""data"": false}, {""hover"": ""使用实验性高亮显示。"", ""description"": ""是"", ""data"": true}]",true,{},个人优先,✅,❌,只提供手动同类定位和 8 秒文字标记，缺少自动/材质/燃料高亮配置。,补自动定位及易辨认反馈；黑暗穿透可忽略,/tmp/wildwise-research/insight/modinfo.lua,[experimental_highlighting](/tmp/wildwise-research/insight/modinfo.lua:6909)
Insight,highlighting_darkness,高亮黑暗中的物品,true,false / true,"[{""hover"": ""黑暗中不使用高亮显示。"", ""description"": ""否"", ""data"": false}, {""hover"": ""黑暗中使用高亮显示。"", ""description"": ""是"", ""data"": true}]",true,{},个人优先,✅,❌,只提供手动同类定位和 8 秒文字标记，缺少自动/材质/燃料高亮配置。,补自动定位及易辨认反馈；黑暗穿透可忽略,/tmp/wildwise-research/insight/modinfo.lua,[highlighting_darkness](/tmp/wildwise-research/insight/modinfo.lua:6919)
Insight,highlighting_color,高亮颜色,GREEN,RED / GREEN / BLUE / LIGHT_BLUE / PURPLE / YELLOW / WHITE / ORANGE / PINK,"[{""hover"": ""红色"", ""description"": ""红色"", ""data"": ""RED""}, {""hover"": ""绿色"", ""description"": ""绿色"", ""data"": ""GREEN""}, {""hover"": ""蓝色"", ""description"": ""蓝色"", ""data"": ""BLUE""}, {""hover"": ""亮蓝色"", ""description"": ""亮蓝色"", ""data"": ""LIGHT_BLUE""}, {""hover"": ""紫色"", ""description"": ""紫色"", ""data"": ""PURPLE""}, {""hover"": ""黄色"", ""description"": ""黄色"", ""data"": ""YELLOW""}, {""hover"": ""白色"", ""description"": ""白色"", ""data"": ""WHITE""}, {""hover"": ""橙色"", ""description"": ""橙色"", ""data"": ""ORANGE""}, {""hover"": ""粉色"", ""description"": ""粉色"", ""data"": ""PINK""}]",true,{},个人优先,✅,❌,只提供手动同类定位和 8 秒文字标记，缺少自动/材质/燃料高亮配置。,补自动定位及易辨认反馈；黑暗穿透可忽略,/tmp/wildwise-research/insight/modinfo.lua,[highlighting_color](/tmp/wildwise-research/insight/modinfo.lua:6929)
Insight,fuel_highlighting,燃料高亮显示,false,false / true,"[{""hover"": ""禁用燃料高亮显示"", ""description"": ""否"", ""data"": false}, {""hover"": ""启用燃料高亮显示"", ""description"": ""是"", ""data"": true}]",true,{},个人优先,✅,❌,只提供手动同类定位和 8 秒文字标记，缺少自动/材质/燃料高亮配置。,补自动定位及易辨认反馈；黑暗穿透可忽略,/tmp/wildwise-research/insight/modinfo.lua,[fuel_highlighting](/tmp/wildwise-research/insight/modinfo.lua:6946)
Insight,fuel_highlighting_color,燃料高亮颜色,RED,RED / GREEN / BLUE / LIGHT_BLUE / PURPLE / YELLOW / WHITE / ORANGE / PINK,"[{""hover"": ""红色"", ""description"": ""红色"", ""data"": ""RED""}, {""hover"": ""绿色"", ""description"": ""绿色"", ""data"": ""GREEN""}, {""hover"": ""蓝色"", ""description"": ""蓝色"", ""data"": ""BLUE""}, {""hover"": ""亮蓝色"", ""description"": ""亮蓝色"", ""data"": ""LIGHT_BLUE""}, {""hover"": ""紫色"", ""description"": ""紫色"", ""data"": ""PURPLE""}, {""hover"": ""黄色"", ""description"": ""黄色"", ""data"": ""YELLOW""}, {""hover"": ""白色"", ""description"": ""白色"", ""data"": ""WHITE""}, {""hover"": ""橙色"", ""description"": ""橙色"", ""data"": ""ORANGE""}, {""hover"": ""粉色"", ""description"": ""粉色"", ""data"": ""PINK""}]",true,{},个人优先,✅,❌,只提供手动同类定位和 8 秒文字标记，缺少自动/材质/燃料高亮配置。,补自动定位及易辨认反馈；黑暗穿透可忽略,/tmp/wildwise-research/insight/modinfo.lua,[fuel_highlighting_color](/tmp/wildwise-research/insight/modinfo.lua:6956)
Insight,display_attack_range,攻击范围,undefined；个人未另选时的回退值 true,false / true / undefined,"[{""hover"": ""不显示攻击范围"", ""description"": ""否"", ""data"": false}, {""hover"": ""显示攻击范围"", ""description"": ""是"", ""data"": true}, {""hover"": ""默认为：是"", ""description"": ""默认"", ""data"": ""undefined""}]",—,"[""undefined""]",服主指定；undefined 时由个人选择,✅,✅,info_attack_range 服主许可；只允许数值提示，没有范围圈。,先补范围显示，再细分样式,/tmp/wildwise-research/insight/modinfo.lua,[display_attack_range](/tmp/wildwise-research/insight/modinfo.lua:6974)
Insight,attack_range_type,攻击范围类型,undefined；个人未另选时的回退值 hit,hit / attack / both / undefined,"[{""hover"": ""显示敲击范围"", ""description"": ""敲击"", ""data"": ""hit""}, {""hover"": ""显示攻击范围"", ""description"": ""攻击"", ""data"": ""attack""}, {""hover"": ""同时显示敲击和攻击范围"", ""description"": ""兼用"", ""data"": ""both""}, {""hover"": ""默认为：敲击"", ""description"": ""默认"", ""data"": ""undefined""}]",true,"[""undefined""]",个人优先,✅,❌,没有实体范围圈、命中/攻击区分、设施/角色范围的设置。,战斗与设施范围优先；角色专用按需,/tmp/wildwise-research/insight/modinfo.lua,[attack_range_type](/tmp/wildwise-research/insight/modinfo.lua:6983)
Insight,hover_range_indicator,物品范围,true,false / true,"[{""hover"": ""不显示物品范围。"", ""description"": ""否"", ""data"": false}, {""hover"": ""显示物品范围。"", ""description"": ""是"", ""data"": true}]",true,{},个人优先,✅,❌,没有实体范围圈、命中/攻击区分、设施/角色范围的设置。,战斗与设施范围优先；角色专用按需,/tmp/wildwise-research/insight/modinfo.lua,[hover_range_indicator](/tmp/wildwise-research/insight/modinfo.lua:6994)
Insight,boss_indicator,Boss 指示器,true,false / true,"[{""hover"": ""不显示 Boss 指示器。"", ""description"": ""否"", ""data"": false}, {""hover"": ""显示 Boss 指示器。"", ""description"": ""是"", ""data"": true}]",true,{},个人优先,✅,❌,只支持队友/临时点/已穿越虫洞/信号火，不支持这些实体追踪及多选列表。,死亡点、已发现入口优先；隐藏目标透视可忽略,/tmp/wildwise-research/insight/modinfo.lua,[boss_indicator](/tmp/wildwise-research/insight/modinfo.lua:7004)
Insight,miniboss_indicator,小 Boss 指示器,true,false / true,"[{""hover"": ""不显示小 Boss 指示器。"", ""description"": ""否"", ""data"": false}, {""hover"": ""显示小 Boss 指示器。"", ""description"": ""是"", ""data"": true}]",true,{},个人优先,✅,❌,只支持队友/临时点/已穿越虫洞/信号火，不支持这些实体追踪及多选列表。,死亡点、已发现入口优先；隐藏目标透视可忽略,/tmp/wildwise-research/insight/modinfo.lua,[miniboss_indicator](/tmp/wildwise-research/insight/modinfo.lua:7014)
Insight,notable_indicator,其他物品指示器,true,false / true,"[{""hover"": ""不显示指示器。"", ""description"": ""否"", ""data"": false}, {""hover"": ""显示指示器。"", ""description"": ""是"", ""data"": true}]",true,{},个人优先,✅,❌,只支持队友/临时点/已穿越虫洞/信号火，不支持这些实体追踪及多选列表。,死亡点、已发现入口优先；隐藏目标透视可忽略,/tmp/wildwise-research/insight/modinfo.lua,[notable_indicator](/tmp/wildwise-research/insight/modinfo.lua:7024)
Insight,pipspook_indicator,小惊吓玩具指示器,true,false / true,"[{""hover"": ""不显示小惊吓玩具指示器。"", ""description"": ""否"", ""data"": false}, {""hover"": ""显示小惊吓玩具指示器。"", ""description"": ""是"", ""data"": true}]",—,"[""dst_only""]",服主/共享配置,✅,❌,只支持队友/临时点/已穿越虫洞/信号火，不支持这些实体追踪及多选列表。,死亡点、已发现入口优先；隐藏目标透视可忽略,/tmp/wildwise-research/insight/modinfo.lua,[pipspook_indicator](/tmp/wildwise-research/insight/modinfo.lua:7034)
Insight,bottle_indicator,漂流瓶指示器,true,false / true,"[{""hover"": ""不显示漂流瓶指示器。"", ""description"": ""否"", ""data"": false}, {""hover"": ""显示漂流瓶指示器。"", ""description"": ""是"", ""data"": true}]",true,{},个人优先,✅,❌,只支持队友/临时点/已穿越虫洞/信号火，不支持这些实体追踪及多选列表。,死亡点、已发现入口优先；隐藏目标透视可忽略,/tmp/wildwise-research/insight/modinfo.lua,[bottle_indicator](/tmp/wildwise-research/insight/modinfo.lua:7043)
Insight,suspicious_marble_indicator,可疑的大理石指示器,false,false / true,"[{""hover"": ""不显示可疑的大理石指示器"", ""description"": ""否"", ""data"": false}, {""hover"": ""显示可疑的大理石指示器"", ""description"": ""是"", ""data"": true}]",true,"[""dst_only""]",个人优先,✅,❌,只支持队友/临时点/已穿越虫洞/信号火，不支持这些实体追踪及多选列表。,死亡点、已发现入口优先；隐藏目标透视可忽略,/tmp/wildwise-research/insight/modinfo.lua,[suspicious_marble_indicator](/tmp/wildwise-research/insight/modinfo.lua:7053)
Insight,death_indicator,死亡指示器,false,false / true,"[{""hover"": ""不显示指示器。"", ""description"": ""否"", ""data"": false}, {""hover"": ""显示指示器。"", ""description"": ""是"", ""data"": true}]",—,"[""dst_only""]",服主/共享配置,✅,❌,只支持队友/临时点/已穿越虫洞/信号火，不支持这些实体追踪及多选列表。,死亡点、已发现入口优先；隐藏目标透视可忽略,/tmp/wildwise-research/insight/modinfo.lua,[death_indicator](/tmp/wildwise-research/insight/modinfo.lua:7063)
Insight,hunt_indicator,动物脚印指示器,undefined；个人未另选时的回退值 true,false / true / undefined,"[{""hover"": ""不显示脚印指示器。"", ""description"": ""否"", ""data"": false}, {""hover"": ""显示脚印指示器。"", ""description"": ""是"", ""data"": true}, {""hover"": ""默认为：是"", ""description"": ""默认"", ""data"": ""undefined""}]",—,"[""undefined""]",服主指定；undefined 时由个人选择,✅,❌,只支持队友/临时点/已穿越虫洞/信号火，不支持这些实体追踪及多选列表。,死亡点、已发现入口优先；隐藏目标透视可忽略,/tmp/wildwise-research/insight/modinfo.lua,[hunt_indicator](/tmp/wildwise-research/insight/modinfo.lua:7072)
Insight,orchestrina_indicator,远古迷宫,undefined；个人未另选时的回退值 true,false / true / undefined,"[{""hover"": ""不显示答案。"", ""description"": ""否"", ""data"": false}, {""hover"": ""显示答案。"", ""description"": ""是"", ""data"": true}, {""hover"": ""默认为：是"", ""description"": ""默认"", ""data"": ""undefined""}]",—,"[""dst_only"", ""undefined""]",服主指定；undefined 时由个人选择,✅,❌,只支持队友/临时点/已穿越虫洞/信号火，不支持这些实体追踪及多选列表。,死亡点、已发现入口优先；隐藏目标透视可忽略,/tmp/wildwise-research/insight/modinfo.lua,[orchestrina_indicator](/tmp/wildwise-research/insight/modinfo.lua:7081)
Insight,tumbleweed_info,风滚草指示器,undefined；个人未另选时的回退值 false,false / true / undefined,"[{""hover"": ""不显示风滚草指示器"", ""description"": ""否"", ""data"": false}, {""hover"": ""显示风滚草指示器"", ""description"": ""是"", ""data"": true}, {""hover"": ""默认为：否"", ""description"": ""默认"", ""data"": ""undefined""}]",—,"[""undefined""]",服主指定；undefined 时由个人选择,✅,❌,只支持队友/临时点/已穿越虫洞/信号火，不支持这些实体追踪及多选列表。,死亡点、已发现入口优先；隐藏目标透视可忽略,/tmp/wildwise-research/insight/modinfo.lua,[tumbleweed_info](/tmp/wildwise-research/insight/modinfo.lua:7090)
Insight,lightningrod_range,避雷针范围,1,0 / 1 / 2,"[{""hover"": ""不显示避雷针的生效范围。"", ""description"": ""禁用"", ""data"": 0}, {""hover"": ""只在放置避雷针时、使用草叉时、种植时显示生效范围。"", ""description"": ""策略性地显示"", ""data"": 1}, {""hover"": ""总是显示避雷针的生效范围。"", ""description"": ""总是"", ""data"": 2}]",true,{},个人优先,✅,❌,没有实体范围圈、命中/攻击区分、设施/角色范围的设置。,战斗与设施范围优先；角色专用按需,/tmp/wildwise-research/insight/modinfo.lua,[lightningrod_range](/tmp/wildwise-research/insight/modinfo.lua:7099)
Insight,blink_range,瞬移范围,false,false / true,"[{""hover"": ""不显示瞬移范围。"", ""description"": ""否"", ""data"": false}, {""hover"": ""显示瞬移范围。"", ""description"": ""是"", ""data"": true}]",true,{},个人优先,✅,❌,没有实体范围圈、命中/攻击区分、设施/角色范围的设置。,战斗与设施范围优先；角色专用按需,/tmp/wildwise-research/insight/modinfo.lua,[blink_range](/tmp/wildwise-research/insight/modinfo.lua:7110)
Insight,wortox_soul_range,沃拓克斯灵魂范围,true,false / true,"[{""hover"": ""不显示灵魂范围功能。"", ""description"": ""否"", ""data"": false}, {""hover"": ""显示灵魂范围功能。"", ""description"": ""是"", ""data"": true}]",true,"[""dst_only""]",个人优先,✅,❌,没有实体范围圈、命中/攻击区分、设施/角色范围的设置。,战斗与设施范围优先；角色专用按需,/tmp/wildwise-research/insight/modinfo.lua,[wortox_soul_range](/tmp/wildwise-research/insight/modinfo.lua:7120)
Insight,battlesong_range,战歌生效范围,both,none / detach / attach / both,"[{""hover"": ""不显示战歌生效范围。"", ""description"": ""无"", ""data"": ""none""}, {""hover"": ""显示你脱离战歌生效的范围。"", ""description"": ""脱离"", ""data"": ""detach""}, {""hover"": ""显示你被战歌鼓舞的生效范围。"", ""description"": ""生效"", ""data"": ""attach""}, {""hover"": ""同时显示脱离战歌和被战歌鼓舞的生效范围"", ""description"": ""兼用"", ""data"": ""both""}]",true,"[""dst_only""]",个人优先,✅,❌,没有实体范围圈、命中/攻击区分、设施/角色范围的设置。,战斗与设施范围优先；角色专用按需,/tmp/wildwise-research/insight/modinfo.lua,[battlesong_range](/tmp/wildwise-research/insight/modinfo.lua:7130)
Insight,klaus_sack_markers,克劳斯袋子标记,undefined；个人未另选时的回退值 false,false / true / undefined,"[{""hover"": ""不显示标记"", ""description"": ""否"", ""data"": false}, {""hover"": ""显示标记"", ""description"": ""是"", ""data"": true}, {""hover"": ""默认为：否"", ""description"": ""默认"", ""data"": ""undefined""}]",—,"[""dst_only"", ""undefined""]",服主指定；undefined 时由个人选择,✅,❌,只支持队友/临时点/已穿越虫洞/信号火，不支持这些实体追踪及多选列表。,死亡点、已发现入口优先；隐藏目标透视可忽略,/tmp/wildwise-research/insight/modinfo.lua,[klaus_sack_markers](/tmp/wildwise-research/insight/modinfo.lua:7142)
Insight,sinkhole_marks,洞穴标记,2,0 / 1 / 2,"[{""hover"": ""不着色标记任何洞穴洞口。"", ""description"": ""无"", ""data"": 0}, {""hover"": ""仅着色标记地图图标。"", ""description"": ""仅地图模式"", ""data"": 1}, {""hover"": ""同时着色标记地图图标和洞穴洞口。"", ""description"": ""兼用"", ""data"": 2}]",true,"[""dst_only""]",个人优先,✅,❌,只支持队友/临时点/已穿越虫洞/信号火，不支持这些实体追踪及多选列表。,死亡点、已发现入口优先；隐藏目标透视可忽略,/tmp/wildwise-research/insight/modinfo.lua,[sinkhole_marks](/tmp/wildwise-research/insight/modinfo.lua:7151)
Insight,display_food,食物信息,undefined；个人未另选时的回退值 true,false / true / undefined,"[{""hover"": ""不显示食物信息。"", ""description"": ""否"", ""data"": false}, {""hover"": ""显示食物信息。"", ""description"": ""是"", ""data"": true}, {""hover"": ""默认为：是"", ""description"": ""默认"", ""data"": ""undefined""}]",—,"[""undefined""]",服主指定；undefined 时由个人选择,✅,❌,有部分对应信息，但仅按大类或密度预设控制；没有此字段的独立开关/详细度/资格条件。,应补常用项独立设置,/tmp/wildwise-research/insight/modinfo.lua,[display_food](/tmp/wildwise-research/insight/modinfo.lua:7163)
Insight,food_style,食物属性格式,long,short / long,"[{""hover"": ""+X / -X / +X"", ""description"": ""精简"", ""data"": ""short""}, {""hover"": ""饥饿：+X / 理智：-X / 生命：+X"", ""description"": ""详细"", ""data"": ""long""}]",true,{},个人优先,✅,❌,食物只有固定字段排序；食物记忆仅参与估算，缺少这些独立展示配置。,常用食物信息优先；样式按需,/tmp/wildwise-research/insight/modinfo.lua,[food_style](/tmp/wildwise-research/insight/modinfo.lua:7172)
Insight,food_order,食物属性显示顺序,interface,interface / wiki,"[{""hover"": ""饥饿 / 理智 / 生命"", ""description"": ""界面"", ""data"": ""interface""}, {""hover"": ""生命 / 饥饿 / 理智"", ""description"": ""维基"", ""data"": ""wiki""}]",true,{},个人优先,✅,❌,食物只有固定字段排序；食物记忆仅参与估算，缺少这些独立展示配置。,常用食物信息优先；样式按需,/tmp/wildwise-research/insight/modinfo.lua,[food_order](/tmp/wildwise-research/insight/modinfo.lua:7182)
Insight,food_units,食物系数,true,false / true,"[{""hover"": ""不显示食物度。"", ""description"": ""否"", ""data"": false}, {""hover"": ""显示食物度。"", ""description"": ""是"", ""data"": true}]",true,{},个人优先,✅,❌,食物只有固定字段排序；食物记忆仅参与估算，缺少这些独立展示配置。,常用食物信息优先；样式按需,/tmp/wildwise-research/insight/modinfo.lua,[food_units](/tmp/wildwise-research/insight/modinfo.lua:7192)
Insight,food_effects,食物加成属性,true,false / true,"[{""hover"": ""不显示特殊的食物属性。"", ""description"": ""否"", ""data"": false}, {""hover"": ""显示特殊的食物属性。"", ""description"": ""是"", ""data"": true}]",true,{},个人优先,✅,❌,食物只有固定字段排序；食物记忆仅参与估算，缺少这些独立展示配置。,常用食物信息优先；样式按需,/tmp/wildwise-research/insight/modinfo.lua,[food_effects](/tmp/wildwise-research/insight/modinfo.lua:7202)
Insight,stewer_chef,烹饪厨师显示,undefined；个人未另选时的回退值 true,false / true / undefined,"[{""hover"": ""不显示料理的制作人。"", ""description"": ""否"", ""data"": false}, {""hover"": ""显示料理的制作人。"", ""description"": ""是"", ""data"": true}, {""hover"": ""默认为：是"", ""description"": ""默认"", ""data"": ""undefined""}]",—,"[""undefined"", ""dst_only""]",服主指定；undefined 时由个人选择,✅,❌,食物只有固定字段排序；食物记忆仅参与估算，缺少这些独立展示配置。,常用食物信息优先；样式按需,/tmp/wildwise-research/insight/modinfo.lua,[stewer_chef](/tmp/wildwise-research/insight/modinfo.lua:7212)
Insight,food_memory,食物记忆,undefined；个人未另选时的回退值 true,false / true / undefined,"[{""hover"": ""不显示食物记忆。"", ""description"": ""否"", ""data"": false}, {""hover"": ""显示食物记忆。"", ""description"": ""是"", ""data"": true}, {""hover"": ""默认为：是"", ""description"": ""默认"", ""data"": ""undefined""}]",true,"[""undefined"", ""dst_only""]",个人优先,✅,❌,食物只有固定字段排序；食物记忆仅参与估算，缺少这些独立展示配置。,常用食物信息优先；样式按需,/tmp/wildwise-research/insight/modinfo.lua,[food_memory](/tmp/wildwise-research/insight/modinfo.lua:7221)
Insight,display_perishable,腐烂信息,undefined；个人未另选时的回退值 true,false / true / undefined,"[{""hover"": ""不显示腐烂信息"", ""description"": ""否"", ""data"": false}, {""hover"": ""显示腐烂信息"", ""description"": ""是"", ""data"": true}, {""hover"": ""默认为：是"", ""description"": ""默认"", ""data"": ""undefined""}]",—,"[""undefined""]",服主指定；undefined 时由个人选择,✅,❌,有部分对应信息，但仅按大类或密度预设控制；没有此字段的独立开关/详细度/资格条件。,应补常用项独立设置,/tmp/wildwise-research/insight/modinfo.lua,[display_perishable](/tmp/wildwise-research/insight/modinfo.lua:7231)
Insight,display_cawnival,鸦年华信息,undefined；个人未另选时的回退值 false,false / true / undefined,"[{""hover"": ""不显示鸦年华信息"", ""description"": ""否"", ""data"": false}, {""hover"": ""显示鸦年华信息"", ""description"": ""是"", ""data"": true}, {""hover"": ""默认为：否"", ""description"": ""默认"", ""data"": ""undefined""}]",—,"[""dst_only"", ""undefined""]",服主指定；undefined 时由个人选择,✅,❌,没有节庆专属描述器或开关。,可暂缓,/tmp/wildwise-research/insight/modinfo.lua,[display_cawnival](/tmp/wildwise-research/insight/modinfo.lua:7241)
Insight,display_yotb_winners,"选美大赛冠军 [""皮弗娄牛之年"" 更新]",undefined；个人未另选时的回退值 false,false / true / undefined,"[{""hover"": ""不显示选美大赛冠军"", ""description"": ""否"", ""data"": false}, {""hover"": ""显示选美大赛冠军"", ""description"": ""是"", ""data"": true}, {""hover"": ""默认为：否"", ""description"": ""默认"", ""data"": ""undefined""}]",—,"[""dst_only"", ""undefined""]",服主指定；undefined 时由个人选择,✅,❌,没有节庆专属描述器或开关。,可暂缓,/tmp/wildwise-research/insight/modinfo.lua,[display_yotb_winners](/tmp/wildwise-research/insight/modinfo.lua:7250)
Insight,display_yotb_appraisal,"评价值 [""皮弗娄牛之年"" 更新]",undefined；个人未另选时的回退值 false,false / true / undefined,"[{""hover"": ""不显示评价值"", ""description"": ""否"", ""data"": false}, {""hover"": ""显示评价值"", ""description"": ""是"", ""data"": true}, {""hover"": ""默认为：否"", ""description"": ""默认"", ""data"": ""undefined""}]",—,"[""dst_only"", ""undefined""]",服主指定；undefined 时由个人选择,✅,❌,没有节庆专属描述器或开关。,可暂缓,/tmp/wildwise-research/insight/modinfo.lua,[display_yotb_appraisal](/tmp/wildwise-research/insight/modinfo.lua:7259)
Insight,display_shared_stats,玩家列表中的数据,undefined；个人未另选时的回退值 true,false / true / undefined,"[{""hover"": ""不显示数据"", ""description"": ""否"", ""data"": false}, {""hover"": ""显示数据"", ""description"": ""是"", ""data"": true}, {""hover"": ""默认为：是"", ""description"": ""默认"", ""data"": ""undefined""}]",—,"[""dst_only"", ""undefined""]",服主指定；undefined 时由个人选择,✅,❌,未提供此项独立配置；具体信息是否部分覆盖见功能矩阵，不能由 schema 名称推定。,依功能矩阵优先级分批评估,/tmp/wildwise-research/insight/modinfo.lua,[display_shared_stats](/tmp/wildwise-research/insight/modinfo.lua:7268)
Insight,display_worldmigrator,传送信息,undefined；个人未另选时的回退值 false,false / true / undefined,"[{""hover"": ""不显示传送信息"", ""description"": ""否"", ""data"": false}, {""hover"": ""显示传送信息"", ""description"": ""是"", ""data"": true}, {""hover"": ""默认为：否"", ""description"": ""默认"", ""data"": ""undefined""}]",—,"[""undefined""]",服主指定；undefined 时由个人选择,✅,❌,未提供此项独立配置；具体信息是否部分覆盖见功能矩阵，不能由 schema 名称推定。,依功能矩阵优先级分批评估,/tmp/wildwise-research/insight/modinfo.lua,[display_worldmigrator](/tmp/wildwise-research/insight/modinfo.lua:7277)
Insight,display_unwrappable,打包信息,undefined；个人未另选时的回退值 true,false / true / undefined,"[{""hover"": ""不显示打包信息"", ""description"": ""否"", ""data"": false}, {""hover"": ""显示打包信息"", ""description"": ""是"", ""data"": true}, {""hover"": ""默认为：是"", ""description"": ""默认"", ""data"": ""undefined""}]",—,"[""undefined""]",服主指定；undefined 时由个人选择,✅,❌,info_container_contents 同时控制箱子、包裹和定位，没有独立包裹开关。,应补独立隐私开关,/tmp/wildwise-research/insight/modinfo.lua,[display_unwrappable](/tmp/wildwise-research/insight/modinfo.lua:7286)
Insight,display_simplefishing,淡水垂钓信息,undefined；个人未另选时的回退值 true,false / true / undefined,"[{""hover"": ""不显示淡水垂钓信息"", ""description"": ""否"", ""data"": false}, {""hover"": ""显示淡水垂钓信息"", ""description"": ""是"", ""data"": true}, {""hover"": ""默认为：是"", ""description"": ""默认"", ""data"": ""undefined""}]",—,"[""undefined""]",服主指定；undefined 时由个人选择,✅,❌,未提供此项独立配置；具体信息是否部分覆盖见功能矩阵，不能由 schema 名称推定。,依功能矩阵优先级分批评估,/tmp/wildwise-research/insight/modinfo.lua,[display_simplefishing](/tmp/wildwise-research/insight/modinfo.lua:7295)
Insight,display_oceanfishing,海洋垂钓信息,undefined；个人未另选时的回退值 true,false / true / undefined,"[{""hover"": ""不显示海洋垂钓信息"", ""description"": ""否"", ""data"": false}, {""hover"": ""显示海洋垂钓信息"", ""description"": ""是"", ""data"": true}, {""hover"": ""默认为：是"", ""description"": ""默认"", ""data"": ""undefined""}]",—,"[""undefined""]",服主指定；undefined 时由个人选择,✅,❌,未提供此项独立配置；具体信息是否部分覆盖见功能矩阵，不能由 schema 名称推定。,依功能矩阵优先级分批评估,/tmp/wildwise-research/insight/modinfo.lua,[display_oceanfishing](/tmp/wildwise-research/insight/modinfo.lua:7304)
Insight,display_tackle_information,渔具信息,undefined；个人未另选时的回退值 true,false / true / undefined,"[{""hover"": ""不显示渔具信息"", ""description"": ""否"", ""data"": false}, {""hover"": ""显示渔具信息"", ""description"": ""是"", ""data"": true}, {""hover"": ""默认为：是"", ""description"": ""默认"", ""data"": ""undefined""}]",—,"[""dst_only"", ""undefined""]",服主指定；undefined 时由个人选择,✅,❌,未提供此项独立配置；具体信息是否部分覆盖见功能矩阵，不能由 schema 名称推定。,依功能矩阵优先级分批评估,/tmp/wildwise-research/insight/modinfo.lua,[display_tackle_information](/tmp/wildwise-research/insight/modinfo.lua:7313)
Insight,display_spawner_information,生物生成计时器,undefined；个人未另选时的回退值 true,false / true / undefined,"[{""hover"": ""不显示生物生成计时信息。"", ""description"": ""否"", ""data"": false}, {""hover"": ""显示生物生成计时信息。"", ""description"": ""是"", ""data"": true}, {""hover"": ""默认为：是"", ""description"": ""默认"", ""data"": ""undefined""}]",—,"[""undefined""]",服主指定；undefined 时由个人选择,✅,❌,未提供此项独立配置；具体信息是否部分覆盖见功能矩阵，不能由 schema 名称推定。,依功能矩阵优先级分批评估,/tmp/wildwise-research/insight/modinfo.lua,[display_spawner_information](/tmp/wildwise-research/insight/modinfo.lua:7322)
Insight,weapon_damage,武器伤害值,undefined；个人未另选时的回退值 true,false / true / undefined,"[{""hover"": ""不显示武器的伤害值。"", ""description"": ""否"", ""data"": false}, {""hover"": ""显示武器的伤害值。"", ""description"": ""是"", ""data"": true}, {""hover"": ""默认为：是"", ""description"": ""默认"", ""data"": ""undefined""}]",—,"[""undefined""]",服主指定；undefined 时由个人选择,✅,❌,有部分对应信息，但仅按大类或密度预设控制；没有此字段的独立开关/详细度/资格条件。,应补常用项独立设置,/tmp/wildwise-research/insight/modinfo.lua,[weapon_damage](/tmp/wildwise-research/insight/modinfo.lua:7331)
Insight,armor,护甲,undefined；个人未另选时的回退值 true,false / true / undefined,"[{""hover"": ""不显示防御信息"", ""description"": ""否"", ""data"": false}, {""hover"": ""显示防御信息"", ""description"": ""是"", ""data"": true}, {""hover"": ""默认为：是"", ""description"": ""默认"", ""data"": ""undefined""}]",—,"[""undefined""]",服主指定；undefined 时由个人选择,✅,❌,有部分对应信息，但仅按大类或密度预设控制；没有此字段的独立开关/详细度/资格条件。,应补常用项独立设置,/tmp/wildwise-research/insight/modinfo.lua,[armor](/tmp/wildwise-research/insight/modinfo.lua:7340)
Insight,repair_values,修补数值,undefined；个人未另选时的回退值 false,false / true / undefined,"[{""hover"": ""不显示物品的修复信息"", ""description"": ""否"", ""data"": false}, {""hover"": ""显示物品的修复信息。"", ""description"": ""是"", ""data"": true}, {""hover"": ""默认为：否"", ""description"": ""默认"", ""data"": ""undefined""}]",—,"[""undefined""]",服主指定；undefined 时由个人选择,✅,❌,未提供此项独立配置；具体信息是否部分覆盖见功能矩阵，不能由 schema 名称推定。,依功能矩阵优先级分批评估,/tmp/wildwise-research/insight/modinfo.lua,[repair_values](/tmp/wildwise-research/insight/modinfo.lua:7349)
Insight,klaus_sack_info,赃物袋信息,undefined；个人未另选时的回退值 false,false / true / undefined,"[{""hover"": ""不显示赃物袋内容。"", ""description"": ""否"", ""data"": false}, {""hover"": ""显示赃物袋内容。"", ""description"": ""是"", ""data"": true}, {""hover"": ""默认为：否"", ""description"": ""默认"", ""data"": ""undefined""}]",—,"[""dst_only"", ""undefined""]",服主指定；undefined 时由个人选择,✅,❌,未提供此项独立配置；具体信息是否部分覆盖见功能矩阵，不能由 schema 名称推定。,依功能矩阵优先级分批评估,/tmp/wildwise-research/insight/modinfo.lua,[klaus_sack_info](/tmp/wildwise-research/insight/modinfo.lua:7358)
Insight,soil_moisture,土壤潮湿度,2,0 / 1 / 2 / 3 / 4,"[{""hover"": ""不显示土壤潮湿度。"", ""description"": ""禁用"", ""data"": 0}, {""hover"": ""仅显示土壤的潮湿度。"", ""description"": ""仅土壤"", ""data"": 1}, {""hover"": ""显示土壤潮湿度和植株耗水率。"", ""description"": ""土壤/植株"", ""data"": 2}, {""hover"": ""显示土壤潮湿度，植株耗水率，耕地潮湿度。"", ""description"": ""土壤，植株，耕地"", ""data"": 3}, {""hover"": ""显示土壤潮湿度，植株耗水率，总耕地潮湿度。"", ""description"": ""全部"", ""data"": 4}]",true,"[""dst_only""]",个人优先,✅,❌,未提供此项独立配置；具体信息是否部分覆盖见功能矩阵，不能由 schema 名称推定。,依功能矩阵优先级分批评估,/tmp/wildwise-research/insight/modinfo.lua,[soil_moisture](/tmp/wildwise-research/insight/modinfo.lua:7367)
Insight,soil_nutrients,土壤养分值,undefined；个人未另选时的回退值 2,1 / 2 / 3 / undefined,"[{""hover"": ""仅显示土壤养分值。"", ""description"": ""仅土壤"", ""data"": 1}, {""hover"": ""显示土壤养分值和植株耗肥率。"", ""description"": ""土壤/植株"", ""data"": 2}, {""hover"": ""显示土壤养分值，植株耗肥率，耕地养分值。"", ""description"": ""土壤，植株，耕地"", ""data"": 3}, {""hover"": ""默认为：土壤/植株"", ""description"": ""默认"", ""data"": ""undefined""}]",—,"[""dst_only"", ""undefined""]",服主指定；undefined 时由个人选择,✅,❌,有部分对应信息，但仅按大类或密度预设控制；没有此字段的独立开关/详细度/资格条件。,应补常用项独立设置,/tmp/wildwise-research/insight/modinfo.lua,[soil_nutrients](/tmp/wildwise-research/insight/modinfo.lua:7380)
Insight,soil_nutrients_needs_hat,土壤养分值显示,undefined；个人未另选时的回退值 always,off / hatonly / always / undefined,"[{""hover"": ""仅当佩戴高级耕作先驱帽时显示土壤养分值。"", ""description"": ""禁用"", ""data"": ""off""}, {""hover"": ""仅当佩戴此帽时显示土壤养分值。"", ""description"": ""高级耕作先驱帽"", ""data"": ""hatonly""}, {""hover"": ""总是显示土壤养分值。"", ""description"": ""总是"", ""data"": ""always""}, {""hover"": ""默认为：总是"", ""description"": ""默认"", ""data"": ""undefined""}]",—,"[""dst_only"", ""undefined""]",服主指定；undefined 时由个人选择,✅,❌,有部分对应信息，但仅按大类或密度预设控制；没有此字段的独立开关/详细度/资格条件。,应补常用项独立设置,/tmp/wildwise-research/insight/modinfo.lua,[soil_nutrients_needs_hat](/tmp/wildwise-research/insight/modinfo.lua:7392)
Insight,display_plant_stressors,植物压力,undefined；个人未另选时的回退值 2,0 / 1 / 2 / undefined,"[{""hover"": ""不显示植物的压力。"", ""description"": ""否"", ""data"": 0}, {""hover"": ""如果你身上有，或戴上高级耕作先驱帽时，显示植物的压力"", ""description"": ""佩戴高级耕作先驱帽"", ""data"": 1}, {""hover"": ""总是显示植物的压力。"", ""description"": ""总是"", ""data"": 2}, {""hover"": ""默认为：总是"", ""description"": ""默认"", ""data"": ""undefined""}]",—,"[""dst_only"", ""undefined""]",服主指定；undefined 时由个人选择,✅,❌,有部分对应信息，但仅按大类或密度预设控制；没有此字段的独立开关/详细度/资格条件。,应补常用项独立设置,/tmp/wildwise-research/insight/modinfo.lua,[display_plant_stressors](/tmp/wildwise-research/insight/modinfo.lua:7402)
Insight,display_fertilizer,肥料,undefined；个人未另选时的回退值 true,false / true / undefined,"[{""hover"": ""不显示肥料养分值"", ""description"": ""否"", ""data"": false}, {""hover"": ""显示肥料养分值"", ""description"": ""是"", ""data"": true}, {""hover"": ""默认为：是"", ""description"": ""默认"", ""data"": ""undefined""}]",—,"[""undefined""]",服主指定；undefined 时由个人选择,✅,❌,有部分对应信息，但仅按大类或密度预设控制；没有此字段的独立开关/详细度/资格条件。,应补常用项独立设置,/tmp/wildwise-research/insight/modinfo.lua,[display_fertilizer](/tmp/wildwise-research/insight/modinfo.lua:7412)
Insight,display_compostvalue,堆肥值,undefined；个人未另选时的回退值 true,false / true / undefined,"[{""hover"": ""不显示堆肥值"", ""description"": ""否"", ""data"": false}, {""hover"": ""显示堆肥值"", ""description"": ""是"", ""data"": true}, {""hover"": ""默认为：是"", ""description"": ""默认"", ""data"": ""undefined""}]",—,"[""undefined""]",服主指定；undefined 时由个人选择,✅,❌,未提供此项独立配置；具体信息是否部分覆盖见功能矩阵，不能由 schema 名称推定。,依功能矩阵优先级分批评估,/tmp/wildwise-research/insight/modinfo.lua,[display_compostvalue](/tmp/wildwise-research/insight/modinfo.lua:7421)
Insight,display_weighable,物品重量,undefined；个人未另选时的回退值 false,false / true / undefined,"[{""hover"": ""不显示物品的重量值"", ""description"": ""否"", ""data"": false}, {""hover"": ""显示物品的重量值"", ""description"": ""是"", ""data"": true}, {""hover"": ""默认为：否"", ""description"": ""默认"", ""data"": ""undefined""}]",—,"[""dst_only"", ""undefined""]",服主指定；undefined 时由个人选择,✅,❌,未提供此项独立配置；具体信息是否部分覆盖见功能矩阵，不能由 schema 名称推定。,依功能矩阵优先级分批评估,/tmp/wildwise-research/insight/modinfo.lua,[display_weighable](/tmp/wildwise-research/insight/modinfo.lua:7430)
Insight,display_gyminfo,健身房信息,undefined；个人未另选时的回退值 true,false / true / undefined,"[{""hover"": ""不显示与健身房有关的信息"", ""description"": ""否"", ""data"": false}, {""hover"": ""显示与健身房有关的信息"", ""description"": ""是"", ""data"": true}, {""hover"": ""默认为：是"", ""description"": ""默认"", ""data"": ""undefined""}]",—,"[""dst_only"", ""undefined""]",服主指定；undefined 时由个人选择,✅,❌,未提供此项独立配置；具体信息是否部分覆盖见功能矩阵，不能由 schema 名称推定。,依功能矩阵优先级分批评估,/tmp/wildwise-research/insight/modinfo.lua,[display_gyminfo](/tmp/wildwise-research/insight/modinfo.lua:7439)
Insight,display_world_events,世界事件,undefined；个人未另选时的回退值 true,false / true / undefined,"[{""hover"": ""不显示世界事件。"", ""description"": ""否"", ""data"": false}, {""hover"": ""显示世界事件。"", ""description"": ""是"", ""data"": true}, {""hover"": ""默认为：是"", ""description"": ""默认"", ""data"": ""undefined""}]",—,"[""dst_only"", ""undefined""]",服主指定；undefined 时由个人选择,✅,✅,info_world_events；只读前 12 个 worldsettingstimer，不等于参考的语义事件集合。,优先完善内容及逐类开关,/tmp/wildwise-research/insight/modinfo.lua,[display_world_events](/tmp/wildwise-research/insight/modinfo.lua:7448)
Insight,show_map_info,地图信息,undefined；个人未另选时的回退值 false,false / true / undefined,"[{""hover"": ""不显示与世界地图相关的信息。"", ""description"": ""否"", ""data"": false}, {""hover"": ""显示与世界地图相关的信息。"", ""description"": ""是"", ""data"": true}, {""hover"": ""默认为：否"", ""description"": ""默认"", ""data"": ""undefined""}]",—,"[""dst_only"", ""undefined""]",服主指定；undefined 时由个人选择,✅,❌,未提供此项独立配置；具体信息是否部分覆盖见功能矩阵，不能由 schema 名称推定。,依功能矩阵优先级分批评估,/tmp/wildwise-research/insight/modinfo.lua,[show_map_info](/tmp/wildwise-research/insight/modinfo.lua:7457)
Insight,danger_announcements,危险宣告,undefined；个人未另选时的回退值 false,false / true / undefined,"[{""hover"": ""禁用危险宣告。"", ""description"": ""否"", ""data"": false}, {""hover"": ""启用危险宣告。"", ""description"": ""是"", ""data"": true}, {""hover"": ""默认为：否"", ""description"": ""默认"", ""data"": ""undefined""}]",—,"[""dst_only"", ""undefined""]",服主指定；undefined 时由个人选择,✅,❌,未提供此项独立配置；具体信息是否部分覆盖见功能矩阵，不能由 schema 名称推定。,依功能矩阵优先级分批评估,/tmp/wildwise-research/insight/modinfo.lua,[danger_announcements](/tmp/wildwise-research/insight/modinfo.lua:7466)
Insight,display_shadowthrall_information,墨荒信息,undefined；个人未另选时的回退值 1,0 / 1 / 2 / undefined,"[{""hover"": ""不显示任何墨荒信息。"", ""description"": ""无"", ""data"": 0}, {""hover"": ""仅显示常规墨荒信息。"", ""description"": ""世界级"", ""data"": 1}, {""hover"": ""显示所有墨荒信息"", ""description"": ""全部"", ""data"": 2}, {""hover"": ""默认为：世界级"", ""description"": ""默认"", ""data"": ""undefined""}]",—,"[""undefined""]",服主指定；undefined 时由个人选择,✅,❌,未提供此项独立配置；具体信息是否部分覆盖见功能矩阵，不能由 schema 名称推定。,依功能矩阵优先级分批评估,/tmp/wildwise-research/insight/modinfo.lua,[display_shadowthrall_information](/tmp/wildwise-research/insight/modinfo.lua:7475)
Insight,display_batwave_information,蝙蝠袭击信息,undefined；个人未另选时的回退值 true,false / true / undefined,"[{""hover"": ""不显示蝙蝠袭击信息。"", ""description"": ""否"", ""data"": false}, {""hover"": ""显示蝙蝠袭击信息。"", ""description"": ""是"", ""data"": true}, {""hover"": ""默认为：是"", ""description"": ""默认"", ""data"": ""undefined""}]",—,"[""undefined""]",服主指定；undefined 时由个人选择,✅,❌,未提供此项独立配置；具体信息是否部分覆盖见功能矩阵，不能由 schema 名称推定。,依功能矩阵优先级分批评估,/tmp/wildwise-research/insight/modinfo.lua,[display_batwave_information](/tmp/wildwise-research/insight/modinfo.lua:7485)
Insight,display_itemmimic_information,模拟物品信息,undefined；个人未另选时的回退值 0,0 / 1 / 2 / undefined,"[{""hover"": ""不显示任何模拟物品信息。"", ""description"": ""无"", ""data"": 0}, {""hover"": ""仅显示模拟物品常规信息（例如世界上有多少个）"", ""description"": ""世界级"", ""data"": 1}, {""hover"": ""显示所有模拟物品信息（包括哪些物品是模拟的）。"", ""description"": ""全部"", ""data"": 2}, {""hover"": ""默认为：无"", ""description"": ""默认"", ""data"": ""undefined""}]",—,"[""undefined""]",服主指定；undefined 时由个人选择,✅,❌,未提供此项独立配置；具体信息是否部分覆盖见功能矩阵，不能由 schema 名称推定。,依功能矩阵优先级分批评估,/tmp/wildwise-research/insight/modinfo.lua,[display_itemmimic_information](/tmp/wildwise-research/insight/modinfo.lua:7494)
Insight,display_rabbitking_information,兔王信息,undefined；个人未另选时的回退值 false,false / true / undefined,"[{""hover"": ""不显示兔王信息。"", ""description"": ""否"", ""data"": false}, {""hover"": ""显示兔王信息。"", ""description"": ""是"", ""data"": true}, {""hover"": ""默认为：否"", ""description"": ""默认"", ""data"": ""undefined""}]",—,"[""dst_only"", ""undefined""]",服主指定；undefined 时由个人选择,✅,❌,未提供此项独立配置；具体信息是否部分覆盖见功能矩阵，不能由 schema 名称推定。,依功能矩阵优先级分批评估,/tmp/wildwise-research/insight/modinfo.lua,[display_rabbitking_information](/tmp/wildwise-research/insight/modinfo.lua:7504)
Insight,display_weather,天气信息,undefined；个人未另选时的回退值 2,0 / 1 / 2 / undefined,"[{""hover"": ""不显示天气信息"", ""description"": ""否"", ""data"": 0}, {""hover"": ""如果世界中存在雨量计时显示天气信息。"", ""description"": ""存在雨量计"", ""data"": 1}, {""hover"": ""显示天气信息"", ""description"": ""是"", ""data"": 2}, {""hover"": ""默认为：是"", ""description"": ""默认"", ""data"": ""undefined""}]",—,"[""dst_only"", ""undefined""]",服主指定；undefined 时由个人选择,✅,❌,未提供此项独立配置；具体信息是否部分覆盖见功能矩阵，不能由 schema 名称推定。,依功能矩阵优先级分批评估,/tmp/wildwise-research/insight/modinfo.lua,[display_weather](/tmp/wildwise-research/insight/modinfo.lua:7513)
Insight,weather_detail,天气明细,undefined；个人未另选时的回退值 0,0 / 1 / undefined,"[{""hover"": ""显示正常的细节级别"", ""description"": ""标准"", ""data"": 0}, {""hover"": ""显示有关天气状况的具体数字"", ""description"": ""高级"", ""data"": 1}, {""hover"": ""默认为：标准"", ""description"": ""默认"", ""data"": ""undefined""}]",—,"[""dst_only"", ""undefined""]",服主指定；undefined 时由个人选择,✅,❌,未提供此项独立配置；具体信息是否部分覆盖见功能矩阵，不能由 schema 名称推定。,依功能矩阵优先级分批评估,/tmp/wildwise-research/insight/modinfo.lua,[weather_detail](/tmp/wildwise-research/insight/modinfo.lua:7523)
Insight,nightmareclock_display,洞穴暴动阶段,undefined；个人未另选时的回退值 2,0 / 1 / 2 / undefined,"[{""hover"": ""不显示洞穴暴动的阶段信息。"", ""description"": ""禁用"", ""data"": 0}, {""hover"": ""拥有铥矿勋章时显示。"", ""description"": ""拥有铥矿勋章"", ""data"": 1}, {""hover"": ""总是显示暴动阶段的信息。"", ""description"": ""启用"", ""data"": 2}, {""hover"": ""默认为：启用"", ""description"": ""默认"", ""data"": ""undefined""}]",—,"[""undefined""]",服主指定；undefined 时由个人选择,✅,❌,未提供此项独立配置；具体信息是否部分覆盖见功能矩阵，不能由 schema 名称推定。,依功能矩阵优先级分批评估,/tmp/wildwise-research/insight/modinfo.lua,[nightmareclock_display](/tmp/wildwise-research/insight/modinfo.lua:7532)
Insight,wx78_scanner_info,WX-78 扫描信息,undefined；个人未另选时的回退值 true,false / true / undefined,"[{""hover"": ""不显示扫描信息"", ""description"": ""否"", ""data"": false}, {""hover"": ""显示扫描信息"", ""description"": ""是"", ""data"": true}, {""hover"": ""默认为：是"", ""description"": ""默认"", ""data"": ""undefined""}]",—,"[""dst_only"", ""undefined""]",服主指定；undefined 时由个人选择,✅,❌,未提供此项独立配置；具体信息是否部分覆盖见功能矩阵，不能由 schema 名称推定。,依功能矩阵优先级分批评估,/tmp/wildwise-research/insight/modinfo.lua,[wx78_scanner_info](/tmp/wildwise-research/insight/modinfo.lua:7542)
Insight,display_health,生命值,undefined；个人未另选时的回退值 true,false / true / undefined,"[{""hover"": ""不显示生命值信息。"", ""description"": ""否"", ""data"": false}, {""hover"": ""显示生命值信息。"", ""description"": ""是"", ""data"": true}, {""hover"": ""默认为：是"", ""description"": ""默认"", ""data"": ""undefined""}]",—,"[""undefined""]",服主指定；undefined 时由个人选择,✅,❌,有部分对应信息，但仅按大类或密度预设控制；没有此字段的独立开关/详细度/资格条件。,应补常用项独立设置,/tmp/wildwise-research/insight/modinfo.lua,[display_health](/tmp/wildwise-research/insight/modinfo.lua:7551)
Insight,display_hunger,饥饿值,undefined；个人未另选时的回退值 1,0 / 1 / 2 / undefined,"[{""hover"": ""不显示饥饿值。"", ""description"": ""否"", ""data"": 0}, {""hover"": ""显示标准的饥饿值。"", ""description"": ""标准"", ""data"": 1}, {""hover"": ""显示完整物品的饥饿值。"", ""description"": ""完整"", ""data"": 2}, {""hover"": ""默认为：标准"", ""description"": ""默认"", ""data"": ""undefined""}]",—,"[""undefined""]",服主指定；undefined 时由个人选择,✅,❌,未提供此项独立配置；具体信息是否部分覆盖见功能矩阵，不能由 schema 名称推定。,依功能矩阵优先级分批评估,/tmp/wildwise-research/insight/modinfo.lua,[display_hunger](/tmp/wildwise-research/insight/modinfo.lua:7560)
Insight,display_sanity,理智,undefined；个人未另选时的回退值 true,false / true / undefined,"[{""hover"": ""不显示理智信息"", ""description"": ""否"", ""data"": false}, {""hover"": ""显示理智信息"", ""description"": ""是"", ""data"": true}, {""hover"": ""默认为：是"", ""description"": ""默认"", ""data"": ""undefined""}]",—,"[""undefined""]",服主指定；undefined 时由个人选择,✅,❌,未提供此项独立配置；具体信息是否部分覆盖见功能矩阵，不能由 schema 名称推定。,依功能矩阵优先级分批评估,/tmp/wildwise-research/insight/modinfo.lua,[display_sanity](/tmp/wildwise-research/insight/modinfo.lua:7570)
Insight,display_sanityaura,理智光环,undefined；个人未另选时的回退值 true,false / true / undefined,"[{""hover"": ""不显示理智光环。"", ""description"": ""否"", ""data"": false}, {""hover"": ""显示理智光环。"", ""description"": ""是"", ""data"": true}, {""hover"": ""默认为：是"", ""description"": ""默认"", ""data"": ""undefined""}]",—,"[""undefined""]",服主指定；undefined 时由个人选择,✅,❌,未提供此项独立配置；具体信息是否部分覆盖见功能矩阵，不能由 schema 名称推定。,依功能矩阵优先级分批评估,/tmp/wildwise-research/insight/modinfo.lua,[display_sanityaura](/tmp/wildwise-research/insight/modinfo.lua:7579)
Insight,display_sanity_interactions,影响理智交互显示,undefined；个人未另选时的回退值 false,false / true / undefined,"[{""hover"": ""不显示影响理智的交互。"", ""description"": ""否"", ""data"": false}, {""hover"": ""显示影响理智的交互。"", ""description"": ""是"", ""data"": true}, {""hover"": ""默认为：否"", ""description"": ""默认"", ""data"": ""undefined""}]",—,"[""undefined""]",服主指定；undefined 时由个人选择,✅,❌,未提供此项独立配置；具体信息是否部分覆盖见功能矩阵，不能由 schema 名称推定。,依功能矩阵优先级分批评估,/tmp/wildwise-research/insight/modinfo.lua,[display_sanity_interactions](/tmp/wildwise-research/insight/modinfo.lua:7588)
Insight,display_mob_attack_damage,怪物攻击范围,undefined；个人未另选时的回退值 true,false / true / undefined,"[{""hover"": ""不显示怪物的攻击范围。"", ""description"": ""否"", ""data"": false}, {""hover"": ""显示怪物的攻击范围。"", ""description"": ""是"", ""data"": true}, {""hover"": ""默认为：是"", ""description"": ""默认"", ""data"": ""undefined""}]",—,"[""undefined""]",服主指定；undefined 时由个人选择,✅,❌,有部分对应信息，但仅按大类或密度预设控制；没有此字段的独立开关/详细度/资格条件。,应补常用项独立设置,/tmp/wildwise-research/insight/modinfo.lua,[display_mob_attack_damage](/tmp/wildwise-research/insight/modinfo.lua:7597)
Insight,growth_verbosity,植物生长阶段,undefined；个人未另选时的回退值 1,0 / 1 / 2 / undefined,"[{""hover"": ""不显示会生长的物品的信息。"", ""description"": ""无"", ""data"": 0}, {""hover"": ""仅显示生长到下一阶段所需的时间。"", ""description"": ""简短"", ""data"": 1}, {""hover"": ""显示当前阶段名称，阶段的数字，长到下一阶段所需的时间。"", ""description"": ""详细"", ""data"": 2}, {""hover"": ""默认为：简短"", ""description"": ""默认"", ""data"": ""undefined""}]",—,"[""undefined""]",服主指定；undefined 时由个人选择,✅,❌,有部分对应信息，但仅按大类或密度预设控制；没有此字段的独立开关/详细度/资格条件。,应补常用项独立设置,/tmp/wildwise-research/insight/modinfo.lua,[growth_verbosity](/tmp/wildwise-research/insight/modinfo.lua:7606)
Insight,display_pickable,可采集信息,undefined；个人未另选时的回退值 true,false / true / undefined,"[{""hover"": ""不显示可采集信息。"", ""description"": ""否"", ""data"": false}, {""hover"": ""显示可采集信息。"", ""description"": ""是"", ""data"": true}, {""hover"": ""默认为：是"", ""description"": ""默认"", ""data"": ""undefined""}]",—,"[""undefined""]",服主指定；undefined 时由个人选择,✅,❌,有部分对应信息，但仅按大类或密度预设控制；没有此字段的独立开关/详细度/资格条件。,应补常用项独立设置,/tmp/wildwise-research/insight/modinfo.lua,[display_pickable](/tmp/wildwise-research/insight/modinfo.lua:7616)
Insight,display_harvestable,可收获信息,undefined；个人未另选时的回退值 true,false / true / undefined,"[{""hover"": ""不显示可收获信息。"", ""description"": ""否"", ""data"": false}, {""hover"": ""显示可收获信息。"", ""description"": ""是"", ""data"": true}, {""hover"": ""默认为：是"", ""description"": ""默认"", ""data"": ""undefined""}]",—,"[""undefined""]",服主指定；undefined 时由个人选择,✅,❌,有部分对应信息，但仅按大类或密度预设控制；没有此字段的独立开关/详细度/资格条件。,应补常用项独立设置,/tmp/wildwise-research/insight/modinfo.lua,[display_harvestable](/tmp/wildwise-research/insight/modinfo.lua:7625)
Insight,display_finiteuses,工具耐久度,true,false / true,"[{""hover"": ""不显示工具的耐久度。"", ""description"": ""否"", ""data"": false}, {""hover"": ""显示工具的耐久度。"", ""description"": ""是"", ""data"": true}]",true,{},个人优先,✅,❌,有部分对应信息，但仅按大类或密度预设控制；没有此字段的独立开关/详细度/资格条件。,应补常用项独立设置,/tmp/wildwise-research/insight/modinfo.lua,[display_finiteuses](/tmp/wildwise-research/insight/modinfo.lua:7634)
Insight,display_timers,计时器,undefined；个人未另选时的回退值 true,false / true / undefined,"[{""hover"": ""关闭计时器。"", ""description"": ""否"", ""data"": false}, {""hover"": ""开启计时器。"", ""description"": ""是"", ""data"": true}, {""hover"": ""默认为：是"", ""description"": ""默认"", ""data"": ""undefined""}]",—,"[""undefined""]",服主指定；undefined 时由个人选择,✅,❌,未提供此项独立配置；具体信息是否部分覆盖见功能矩阵，不能由 schema 名称推定。,依功能矩阵优先级分批评估,/tmp/wildwise-research/insight/modinfo.lua,[display_timers](/tmp/wildwise-research/insight/modinfo.lua:7644)
Insight,display_rechargeable,充能信息显示,undefined；个人未另选时的回退值 true,false / true / undefined,"[{""hover"": ""不显示充能信息。"", ""description"": ""否"", ""data"": false}, {""hover"": ""显示充能信息。"", ""description"": ""是"", ""data"": true}, {""hover"": ""默认为：是"", ""description"": ""默认"", ""data"": ""undefined""}]",—,"[""undefined""]",服主指定；undefined 时由个人选择,✅,❌,未提供此项独立配置；具体信息是否部分覆盖见功能矩阵，不能由 schema 名称推定。,依功能矩阵优先级分批评估,/tmp/wildwise-research/insight/modinfo.lua,[display_rechargeable](/tmp/wildwise-research/insight/modinfo.lua:7653)
Insight,display_upgradeable,可升级物品显示,undefined；个人未另选时的回退值 false,false / true / undefined,"[{""hover"": ""不显示可升级的建筑等物品的信息。"", ""description"": ""否"", ""data"": false}, {""hover"": ""显示可升级的物品的信息，如蜘蛛巢等。"", ""description"": ""是"", ""data"": true}, {""hover"": ""默认为：否"", ""description"": ""默认"", ""data"": ""undefined""}]",—,"[""undefined""]",服主指定；undefined 时由个人选择,✅,❌,未提供此项独立配置；具体信息是否部分覆盖见功能矩阵，不能由 schema 名称推定。,依功能矩阵优先级分批评估,/tmp/wildwise-research/insight/modinfo.lua,[display_upgradeable](/tmp/wildwise-research/insight/modinfo.lua:7662)
Insight,naughtiness_verbosity,淘气值,undefined；个人未另选时的回退值 2,0 / 1 / 2 / undefined,"[{""hover"": ""不显示淘气值。"", ""description"": ""禁用"", ""data"": 0}, {""hover"": ""显示击杀生物的淘气值。"", ""description"": ""生物的淘气值"", ""data"": 1}, {""hover"": ""同时显示玩家已有的淘气值和击杀生物的淘气值。"", ""description"": ""玩家/生物的淘气值"", ""data"": 2}, {""hover"": ""默认为：玩家/生物的淘气值"", ""description"": ""默认"", ""data"": ""undefined""}]",—,"[""undefined""]",服主指定；undefined 时由个人选择,✅,❌,未提供此项独立配置；具体信息是否部分覆盖见功能矩阵，不能由 schema 名称推定。,依功能矩阵优先级分批评估,/tmp/wildwise-research/insight/modinfo.lua,[naughtiness_verbosity](/tmp/wildwise-research/insight/modinfo.lua:7671)
Insight,follower_info,随从信息,undefined；个人未另选时的回退值 true,false / true / undefined,"[{""hover"": ""不显示跟随者的信息。"", ""description"": ""禁用"", ""data"": false}, {""hover"": ""显示跟随者的信息。"", ""description"": ""启用"", ""data"": true}, {""hover"": ""默认为：启用"", ""description"": ""默认"", ""data"": ""undefined""}]",—,"[""undefined""]",服主指定；undefined 时由个人选择,✅,❌,有部分对应信息，但仅按大类或密度预设控制；没有此字段的独立开关/详细度/资格条件。,应补常用项独立设置,/tmp/wildwise-research/insight/modinfo.lua,[follower_info](/tmp/wildwise-research/insight/modinfo.lua:7681)
Insight,herd_information,兽群信息,undefined；个人未另选时的回退值 false,false / true / undefined,"[{""hover"": ""不显示兽群的信息。"", ""description"": ""禁用"", ""data"": false}, {""hover"": ""显示兽群的信息。"", ""description"": ""启用"", ""data"": true}, {""hover"": ""默认为：禁用"", ""description"": ""默认"", ""data"": ""undefined""}]",—,"[""undefined""]",服主指定；undefined 时由个人选择,✅,❌,未提供此项独立配置；具体信息是否部分覆盖见功能矩阵，不能由 schema 名称推定。,依功能矩阵优先级分批评估,/tmp/wildwise-research/insight/modinfo.lua,[herd_information](/tmp/wildwise-research/insight/modinfo.lua:7690)
Insight,domestication_information,牛驯服度,undefined；个人未另选时的回退值 true,false / true / undefined,"[{""hover"": ""不显示牛的驯服度信息。"", ""description"": ""禁用"", ""data"": false}, {""hover"": ""显示牛的驯服度信息。"", ""description"": ""启用"", ""data"": true}, {""hover"": ""默认为：启用"", ""description"": ""默认"", ""data"": ""undefined""}]",—,"[""undefined""]",服主指定；undefined 时由个人选择,✅,❌,有部分对应信息，但仅按大类或密度预设控制；没有此字段的独立开关/详细度/资格条件。,应补常用项独立设置,/tmp/wildwise-research/insight/modinfo.lua,[domestication_information](/tmp/wildwise-research/insight/modinfo.lua:7699)
Insight,display_pollination,授粉信息,undefined；个人未另选时的回退值 true,false / true / undefined,"[{""hover"": ""不显示授粉信息。"", ""description"": ""禁用"", ""data"": false}, {""hover"": ""显示授粉信息。"", ""description"": ""启用"", ""data"": true}, {""hover"": ""默认为：启用"", ""description"": ""默认"", ""data"": ""undefined""}]",—,"[""undefined""]",服主指定；undefined 时由个人选择,✅,❌,未提供此项独立配置；具体信息是否部分覆盖见功能矩阵，不能由 schema 名称推定。,依功能矩阵优先级分批评估,/tmp/wildwise-research/insight/modinfo.lua,[display_pollination](/tmp/wildwise-research/insight/modinfo.lua:7708)
Insight,item_worth,物品价值,undefined；个人未另选时的回退值 true,false / true / undefined,"[{""hover"": ""不显示物品的价值。"", ""description"": ""否"", ""data"": false}, {""hover"": ""显示物品值的价值。"", ""description"": ""是"", ""data"": true}, {""hover"": ""默认为：是"", ""description"": ""默认"", ""data"": ""undefined""}]",—,"[""undefined""]",服主指定；undefined 时由个人选择,✅,❌,未提供此项独立配置；具体信息是否部分覆盖见功能矩阵，不能由 schema 名称推定。,依功能矩阵优先级分批评估,/tmp/wildwise-research/insight/modinfo.lua,[item_worth](/tmp/wildwise-research/insight/modinfo.lua:7717)
Insight,appeasement_value,蚁狮,undefined；个人未另选时的回退值 false,false / true / undefined,"[{""hover"": ""不显示蚁狮的信息。"", ""description"": ""否"", ""data"": false}, {""hover"": ""显示蚁狮的信息。"", ""description"": ""是"", ""data"": true}, {""hover"": ""默认为：否"", ""description"": ""默认"", ""data"": ""undefined""}]",—,"[""undefined""]",服主指定；undefined 时由个人选择,✅,❌,未提供此项独立配置；具体信息是否部分覆盖见功能矩阵，不能由 schema 名称推定。,依功能矩阵优先级分批评估,/tmp/wildwise-research/insight/modinfo.lua,[appeasement_value](/tmp/wildwise-research/insight/modinfo.lua:7726)
Insight,fuel_verbosity,燃料,undefined；个人未另选时的回退值 2,0 / 1 / 2 / undefined,"[{""hover"": ""不显示燃料信息。"", ""description"": ""无"", ""data"": 0}, {""hover"": ""显示标准的燃料信息。"", ""description"": ""标准"", ""data"": 1}, {""hover"": ""显示全面的燃料信息。"", ""description"": ""全面"", ""data"": 2}, {""hover"": ""默认为：全面"", ""description"": ""默认"", ""data"": ""undefined""}]",—,"[""undefined""]",服主指定；undefined 时由个人选择,✅,❌,有部分对应信息，但仅按大类或密度预设控制；没有此字段的独立开关/详细度/资格条件。,应补常用项独立设置,/tmp/wildwise-research/insight/modinfo.lua,[fuel_verbosity](/tmp/wildwise-research/insight/modinfo.lua:7735)
Insight,display_shelter_info,遮蔽处信息,undefined；个人未另选时的回退值 false,false / true / undefined,"[{""hover"": ""不显示遮蔽处信息。"", ""description"": ""否"", ""data"": false}, {""hover"": ""显示遮蔽处信息。"", ""description"": ""是"", ""data"": true}, {""hover"": ""默认为：否"", ""description"": ""默认"", ""data"": ""undefined""}]",—,"[""undefined""]",服主指定；undefined 时由个人选择,✅,❌,未提供此项独立配置；具体信息是否部分覆盖见功能矩阵，不能由 schema 名称推定。,依功能矩阵优先级分批评估,/tmp/wildwise-research/insight/modinfo.lua,[display_shelter_info](/tmp/wildwise-research/insight/modinfo.lua:7745)
Insight,display_crafting_lookup_button,建造查看按钮,true,false / true,"[{""hover"": ""不显示按钮"", ""description"": ""否"", ""data"": false}, {""hover"": ""显示按钮"", ""description"": ""是"", ""data"": true}]",true,{},个人优先,✅,❌,HUD 菜单按钮固定显示；无制造查询按钮及其显示开关。,菜单按钮可隐藏应补；制造查询按需,/tmp/wildwise-research/insight/modinfo.lua,[display_crafting_lookup_button](/tmp/wildwise-research/insight/modinfo.lua:7766)
Insight,display_insight_menu_button,Insight 目录按钮,true,false / true,"[{""hover"": ""不显示按钮"", ""description"": ""否"", ""data"": false}, {""hover"": ""显示按钮"", ""description"": ""是"", ""data"": true}]",true,{},个人优先,✅,❌,HUD 菜单按钮固定显示；无制造查询按钮及其显示开关。,菜单按钮可隐藏应补；制造查询按需,/tmp/wildwise-research/insight/modinfo.lua,[display_insight_menu_button](/tmp/wildwise-research/insight/modinfo.lua:7776)
Insight,extended_info_indicator,更多信息提示,false,false / true,"[{""hover"": ""不显示星号"", ""description"": ""否"", ""data"": false}, {""hover"": ""显示星号"", ""description"": ""是"", ""data"": true}]",true,{},个人优先,✅,❌,固定原生文本/单位/行数；检查键展开、3 档预设不能替代该独立配置。,信息开关、时间单位、截断提示优先；字体样式按需,/tmp/wildwise-research/insight/modinfo.lua,[extended_info_indicator](/tmp/wildwise-research/insight/modinfo.lua:7786)
Insight,info_preload,信息预载,undefined；个人未另选时的回退值 2,0 / 1 / 2 / undefined,"[{""hover"": ""严重帧数降低，不推荐"", ""description"": ""否"", ""data"": 0}, {""hover"": ""小幅帧数降低，不推荐。可用于小型简单的基地。"", ""description"": ""容器"", ""data"": 1}, {""hover"": ""最高帧率，推荐。"", ""description"": ""所有"", ""data"": 2}, {""hover"": ""默认为：所有"", ""description"": ""默认"", ""data"": ""undefined""}]",—,"[""undefined""]",服主指定；undefined 时由个人选择,✅,❌,缓存/刷新由固定内部预算控制，无用户可配入口。,先做多人性能验收，暂不开放底层预算,/tmp/wildwise-research/insight/modinfo.lua,[info_preload](/tmp/wildwise-research/insight/modinfo.lua:7819)
Insight,refresh_delay,信息刷新延时,undefined；个人未另选时的回退值 true,true / 0 / 0.25 / 0.5 / 1 / 3 / undefined,"[{""hover"": ""基于玩家和游戏性能，动态更新。"", ""description"": ""自动设定"", ""data"": true}, {""hover"": ""信息实时更新。"", ""description"": ""实时"", ""data"": 0}, {""hover"": ""信息每0.25秒更新。"", ""description"": ""0.25秒"", ""data"": 0.25}, {""hover"": ""信息每0.5秒更新。"", ""description"": ""0.5秒"", ""data"": 0.5}, {""hover"": ""信息每1秒更新。"", ""description"": ""1秒"", ""data"": 1}, {""hover"": ""信息每3秒更新。"", ""description"": ""3秒"", ""data"": 3}, {""hover"": ""默认为：自动设定"", ""description"": ""默认"", ""data"": ""undefined""}]",—,"[""undefined""]",服主指定；undefined 时由个人选择,✅,❌,缓存/刷新由固定内部预算控制，无用户可配入口。,先做多人性能验收，暂不开放底层预算,/tmp/wildwise-research/insight/modinfo.lua,[refresh_delay](/tmp/wildwise-research/insight/modinfo.lua:7829)
Insight,crash_reporter,崩溃报告器,false,false / true,"[{""hover"": ""关闭崩溃报告器。"", ""description"": ""否"", ""data"": false}, {""hover"": ""开启崩溃报告器。"", ""description"": ""是"", ""data"": true}]",—,"[""independent"", ""dst_only""]",远程客户端/主机各用本端配置,✅,❌,diagnostics 仅本地日志；无自动上传。,可忽略自动上传,/tmp/wildwise-research/insight/modinfo.lua,[crash_reporter](/tmp/wildwise-research/insight/modinfo.lua:7844)
Insight,DEBUG_SHOW_NOTIMPLEMENTED,执行调试显示信息,false,false / true,"[{""hover"": ""未找出错误原因时，不发出警告。"", ""description"": ""否"", ""data"": false}, {""hover"": ""未找出错误原因时，发出警告。"", ""description"": ""是"", ""data"": true}]",true,"[""independent""]",个人优先,✅,❌,只有 diagnostics 和诊断页，不等价于各调试覆盖层。,按排错需要，非玩家必需,/tmp/wildwise-research/insight/modinfo.lua,[DEBUG_SHOW_NOTIMPLEMENTED](/tmp/wildwise-research/insight/modinfo.lua:7853)
Insight,DEBUG_SHOW_DISABLED,禁用调试显示,false,false / true,"[{""hover"": ""不显示已禁用的描述符的信息。"", ""description"": ""否"", ""data"": false}, {""hover"": ""显示已禁用的描述符的信息。"", ""description"": ""是"", ""data"": true}]",true,"[""independent""]",个人优先,✅,❌,只有 diagnostics 和诊断页，不等价于各调试覆盖层。,按排错需要，非玩家必需,/tmp/wildwise-research/insight/modinfo.lua,[DEBUG_SHOW_DISABLED](/tmp/wildwise-research/insight/modinfo.lua:7863)
Insight,DEBUG_SHOW_PREFAB,预设调试显示,false,false / true,"[{""hover"": ""不显示物品的预设名称。"", ""description"": ""否"", ""data"": false}, {""hover"": ""显示物品的预设名称。"", ""description"": ""是"", ""data"": true}]",true,"[""independent""]",个人优先,✅,❌,只有 diagnostics 和诊断页，不等价于各调试覆盖层。,按排错需要，非玩家必需,/tmp/wildwise-research/insight/modinfo.lua,[DEBUG_SHOW_PREFAB](/tmp/wildwise-research/insight/modinfo.lua:7873)
Insight,DEBUG_ENABLED,开启调试功能,false,false / true,"[{""hover"": ""不显示调试信息"", ""description"": ""否"", ""data"": false}, {""hover"": ""显示调试信息"", ""description"": ""是"", ""data"": true}]",—,"[""independent""]",远程客户端/主机各用本端配置,✅,❌,只有 diagnostics 和诊断页，不等价于各调试覆盖层。,按排错需要，非玩家必需,/tmp/wildwise-research/insight/modinfo.lua,[DEBUG_ENABLED](/tmp/wildwise-research/insight/modinfo.lua:7883)
Insight,boss_indicator_prefabs,boss_indicator_prefabs,"[""minotaur"", ""bearger"", ""deerclops"", ""dragonfly"", ""antlion"", ""beequeen"", ""crabking"", ""klaus"", ""malbatross"", ""moose"", ""stalker_atrium"", ""toadstool"", ""eyeofterror"", ""twinofterror1"", ""twinofterror2"", ""daywalker""]",minotaur / bearger / deerclops / dragonfly / antlion / beequeen / crabking / klaus / malbatross / moose / stalker_atrium / toadstool / eyeofterror / twinofterror1 / twinofterror2 / daywalker / ancient_herald / ancient_hulk / pugalisk / twister / twister_seal / tigershark / kraken / antqueen（候选全集；实际只显示运行时已注册prefab，unique也接受已有名称）,<dynamic>,true,"[""dynamic_option_strings"", ""richtext""]",个人优先,✅,❌,只支持队友/临时点/已穿越虫洞/信号火，不支持这些实体追踪及多选列表。,死亡点、已发现入口优先；隐藏目标透视可忽略,/tmp/wildwise-research/insight/modinfo.lua,[boss_indicator_prefabs](/tmp/wildwise-research/insight/modinfo.lua:7898)
Insight,miniboss_indicator_prefabs,miniboss_indicator_prefabs,"[""leif"", ""warg"", ""spat"", ""spiderqueen"", ""claywarg"", ""gingerbreadwarg"", ""lordfruitfly"", ""stalker""]",leif / warg / spat / spiderqueen / claywarg / gingerbreadwarg / lordfruitfly / stalker / ancient_robot_ribs / ancient_robot_claw / ancient_robot_leg / ancient_robot_head / treeguard（候选全集；实际只显示运行时已注册prefab，unique也接受已有名称）,<dynamic>,true,"[""dynamic_option_strings"", ""richtext""]",个人优先,✅,❌,只支持队友/临时点/已穿越虫洞/信号火，不支持这些实体追踪及多选列表。,死亡点、已发现入口优先；隐藏目标透视可忽略,/tmp/wildwise-research/insight/modinfo.lua,[miniboss_indicator_prefabs](/tmp/wildwise-research/insight/modinfo.lua:7921)
Insight,notable_indicator_prefabs,notable_indicator_prefabs,"[""chester_eyebone"", ""hutch_fishbowl"", ""atrium_key"", ""klaus_sack"", ""gingerbreadpig"", ""wanderingtrader""]",chester_eyebone / hutch_fishbowl / atrium_key / klaus_sack / gingerbreadpig / wanderingtrader（候选全集；实际只显示运行时已注册prefab，unique也接受已有名称）,<dynamic>,true,"[""dynamic_option_strings"", ""richtext""]",个人优先,✅,❌,只支持队友/临时点/已穿越虫洞/信号火，不支持这些实体追踪及多选列表。,死亡点、已发现入口优先；隐藏目标透视可忽略,/tmp/wildwise-research/insight/modinfo.lua,[notable_indicator_prefabs](/tmp/wildwise-research/insight/modinfo.lua:7944)
Insight,unique_info_prefabs,unique_info_prefabs,"[""alterguardianhat"", ""batbat"", ""eyeplant"", ""ancient_statue"", ""armordreadstone"", ""voidcloth_scythe"", ""lunarthrall_plant"", ""shadow_battleaxe""]",alterguardianhat / batbat / eyeplant / ancient_statue / armordreadstone / voidcloth_scythe / lunarthrall_plant / shadow_battleaxe（候选全集；实际只显示运行时已注册prefab，unique也接受已有名称）,<dynamic>,false,"[""dynamic_option_strings"", ""richtext""]",服主/共享配置,✅,❌,未提供此项独立配置；具体信息是否部分覆盖见功能矩阵，不能由 schema 名称推定。,依功能矩阵优先级分批评估,/tmp/wildwise-research/insight/modinfo.lua,[unique_info_prefabs](/tmp/wildwise-research/insight/modinfo.lua:7968)
Global Positions,SHOWPLAYERSOPTIONS,Player Indicators,2,3 / 2 / 1,"[{""description"": ""Always"", ""data"": 3}, {""description"": ""Scoreboard"", ""data"": 2}, {""description"": ""Never"", ""data"": 1}]",—,—,服主,✅,✅,个人 map.indicators：always/scoreboard/off；off 仅关闭屏边提示，不隐藏地图名字。,保留并明确语义差别,/tmp/wildwise-research/global-positions/modinfo.lua,[SHOWPLAYERSOPTIONS](/tmp/wildwise-research/global-positions/modinfo.lua:44)
Global Positions,SHOWPLAYERICONS,Player Icons,true,true / false,"[{""description"": ""Show"", ""data"": true}, {""description"": ""Hide"", ""data"": false}]",—,—,服主,✅,❌,位置共享开关控制是否向他人分享；没有只隐藏接收方地图玩家图标的开关。,应补,/tmp/wildwise-research/global-positions/modinfo.lua,[SHOWPLAYERICONS](/tmp/wildwise-research/global-positions/modinfo.lua:55)
Global Positions,FIREOPTIONS,Show Fires,2,1 / 2 / 3,"[{""description"": ""Always"", ""data"": 1}, {""description"": ""Charcoal"", ""data"": 2}, {""description"": ""Disabled"", ""data"": 3}]",—,—,服主,✅,❌,信号火固定木炭触发；火图标与标记都跟随 map_enabled，无独立许可。,应补独立服主许可和个人显示开关,/tmp/wildwise-research/global-positions/modinfo.lua,[FIREOPTIONS](/tmp/wildwise-research/global-positions/modinfo.lua:65)
Global Positions,SHOWFIREICONS,Fire Icons,true,true / false,"[{""description"": ""Show"", ""data"": true}, {""description"": ""Hide"", ""data"": false}]",—,—,服主,✅,❌,信号火固定木炭触发；火图标与标记都跟随 map_enabled，无独立许可。,应补独立服主许可和个人显示开关,/tmp/wildwise-research/global-positions/modinfo.lua,[SHOWFIREICONS](/tmp/wildwise-research/global-positions/modinfo.lua:77)
Global Positions,SHAREMINIMAPPROGRESS,Share Map,true,true / false,"[{""description"": ""Enabled"", ""data"": true}, {""description"": ""Disabled"", ""data"": false}]",—,—,服主,✅,✅,map_share_exploration auto/on/off + 个人分享开关；只回放获准来源点。,保留,/tmp/wildwise-research/global-positions/modinfo.lua,[SHAREMINIMAPPROGRESS](/tmp/wildwise-research/global-positions/modinfo.lua:88)
Global Positions,OVERRIDEMODE,Wilderness Override,false,true / false,"[{""description"": ""Enabled"", ""data"": true}, {""description"": ""Disabled"", ""data"": false}]",—,—,服主,✅,❌,可通过 on 覆盖位置/探索默认规则，但没有荒野全部火堆暴露的预设。,可忽略原版荒野火堆玩法,/tmp/wildwise-research/global-positions/modinfo.lua,[OVERRIDEMODE](/tmp/wildwise-research/global-positions/modinfo.lua:99)
Global Positions,ENABLEPINGS,Pings,true,true / false,"[{""description"": ""Enabled"", ""data"": true}, {""description"": ""Disabled"", ""data"": false}]",—,—,服主,✅,❌,信号火固定木炭触发；火图标与标记都跟随 map_enabled，无独立许可。,应补独立服主许可和个人显示开关,/tmp/wildwise-research/global-positions/modinfo.lua,[ENABLEPINGS](/tmp/wildwise-research/global-positions/modinfo.lua:110)
Wormhole Marks,Draw over FoW,Draw over FoW,disabled,disabled / enabled,"[{""description"": ""Disabled"", ""data"": ""disabled""}, {""description"": ""Enabled"", ""data"": ""enabled""}]",—,—,服主,✅,❌,固定逐端迷雾限制，无穿透迷雾配置。,可忽略，保留探索边界,/tmp/wildwise-research/wormhole/modinfo.lua,[Draw over FoW](/tmp/wildwise-research/wormhole/modinfo.lua:13)
Auto Stack and Pick Up,SmokePuffOnStacking,Puff On Stack,true,true / false,"[{""description"": ""Yes"", ""data"": true}, {""description"": ""No"", ""data"": false}]",—,—,服主,✅,❌,无烟雾特效及其开关。,可忽略,/home/ubuntu/Steam/steamapps/workshop/content/322330/1803285852/modinfo.lua,[SmokePuffOnStacking](/home/ubuntu/Steam/steamapps/workshop/content/322330/1803285852/modinfo.lua:40)
Auto Stack and Pick Up,AutoStackEnabled,World Drop Auto Stack,true,true / false,"[{""description"": ""On"", ""data"": true}, {""description"": ""Off"", ""data"": false}]",—,—,服主,✅,✅,对应 items_stack_world/items_stack_manual/items_pickup_allowed/items_pickup_existing；拾取额外要求个人 opt-in。,保留更谨慎默认值,/home/ubuntu/Steam/steamapps/workshop/content/322330/1803285852/modinfo.lua,[AutoStackEnabled](/home/ubuntu/Steam/steamapps/workshop/content/322330/1803285852/modinfo.lua:61)
Auto Stack and Pick Up,StackDuringPopulation,World Gen Auto Stack,false,true / false,"[{""description"": ""Yes"", ""data"": true}, {""description"": ""No"", ""data"": false}]",—,—,服主,✅,❌,items_stack_loaded 仅读档恢复合堆，不等价于世界生成+读档统一开关。,保留生成保护；仅需明确文档,/home/ubuntu/Steam/steamapps/workshop/content/322330/1803285852/modinfo.lua,[StackDuringPopulation](/home/ubuntu/Steam/steamapps/workshop/content/322330/1803285852/modinfo.lua:71)
Auto Stack and Pick Up,AutoStackRange,World Auto Stack Range,10,1 / 2 / 3 / 4 / 5 / 6 / 7 / 8 / 9 / 10 / 11 / 12 / 13 / 14 / 15 / 16 / 17 / 18 / 19 / 20 / 21 / 22 / 23 / 24 / 25,"[{""description"": ""1"", ""data"": 1}, {""description"": ""2"", ""data"": 2}, {""description"": ""3"", ""data"": 3}, {""description"": ""4"", ""data"": 4}, {""description"": ""5"", ""data"": 5}, {""description"": ""6"", ""data"": 6}, {""description"": ""7"", ""data"": 7}, {""description"": ""8"", ""data"": 8}, {""description"": ""9"", ""data"": 9}, {""description"": ""10"", ""data"": 10}, {""description"": ""11"", ""data"": 11}, {""description"": ""12"", ""data"": 12}, {""description"": ""13"", ""data"": 13}, {""description"": ""14"", ""data"": 14}, {""description"": ""15"", ""data"": 15}, {""description"": ""16"", ""data"": 16}, {""description"": ""17"", ""data"": 17}, {""description"": ""18"", ""data"": 18}, {""description"": ""19"", ""data"": 19}, {""description"": ""20"", ""data"": 20}, {""description"": ""21"", ""data"": 21}, {""description"": ""22"", ""data"": 22}, {""description"": ""23"", ""data"": 23}, {""description"": ""24"", ""data"": 24}, {""description"": ""25"", ""data"": 25}]",—,—,服主,✅,❌,三种操作共用 items_radius，2/4/6/8；不能分别设置 1～25。,应补独立半径,/home/ubuntu/Steam/steamapps/workshop/content/322330/1803285852/modinfo.lua,[AutoStackRange](/home/ubuntu/Steam/steamapps/workshop/content/322330/1803285852/modinfo.lua:82)
Auto Stack and Pick Up,AutoStackMakeNewStackMainStack,World Auto Stack In,true,true / false,"[{""description"": ""Newest"", ""data"": true}, {""description"": ""Existing"", ""data"": false}]",—,—,服主,✅,❌,固定向较早的合法堆合并，没有 Newest/Existing 选择。,默认保持 Existing；Newest 可忽略,/home/ubuntu/Steam/steamapps/workshop/content/322330/1803285852/modinfo.lua,[AutoStackMakeNewStackMainStack](/home/ubuntu/Steam/steamapps/workshop/content/322330/1803285852/modinfo.lua:115)
Auto Stack and Pick Up,AutoStackTwiggyTreeTwigs,Auto Stack Twiggy Tree Twigs,false,true / false,"[{""description"": ""Yes"", ""data"": true}, {""description"": ""No"", ""data"": false}]",—,—,服主,✅,❌,没有树枝树附近落枝的独立保护条件或配置。,应先补生产机制边界,/home/ubuntu/Steam/steamapps/workshop/content/322330/1803285852/modinfo.lua,[AutoStackTwiggyTreeTwigs](/home/ubuntu/Steam/steamapps/workshop/content/322330/1803285852/modinfo.lua:125)
Auto Stack and Pick Up,AutoStackAsh,Auto Stack Ash,false,true / false,"[{""description"": ""Yes"", ""data"": true}, {""description"": ""No"", ""data"": false}]",—,—,服主,✅,❌,没有按灰烬/粪便/种子及来源划分的过滤选项。,应补可配置过滤,/home/ubuntu/Steam/steamapps/workshop/content/322330/1803285852/modinfo.lua,[AutoStackAsh](/home/ubuntu/Steam/steamapps/workshop/content/322330/1803285852/modinfo.lua:135)
Auto Stack and Pick Up,AutoStackPoop,Auto Stack Poop,false,true / false,"[{""description"": ""Yes"", ""data"": true}, {""description"": ""No"", ""data"": false}]",—,—,服主,✅,❌,没有按灰烬/粪便/种子及来源划分的过滤选项。,应补可配置过滤,/home/ubuntu/Steam/steamapps/workshop/content/322330/1803285852/modinfo.lua,[AutoStackPoop](/home/ubuntu/Steam/steamapps/workshop/content/322330/1803285852/modinfo.lua:145)
Auto Stack and Pick Up,AutoStackSeeds,Auto Stack Seeds,false,true / false,"[{""description"": ""Yes"", ""data"": true}, {""description"": ""No"", ""data"": false}]",—,—,服主,✅,❌,没有按灰烬/粪便/种子及来源划分的过滤选项。,应补可配置过滤,/home/ubuntu/Steam/steamapps/workshop/content/322330/1803285852/modinfo.lua,[AutoStackSeeds](/home/ubuntu/Steam/steamapps/workshop/content/322330/1803285852/modinfo.lua:155)
Auto Stack and Pick Up,AutoStackManuallyDroppedItems,Manual Drop Auto Stack,false,true / false,"[{""description"": ""On"", ""data"": true}, {""description"": ""Off"", ""data"": false}]",—,—,服主,✅,✅,对应 items_stack_world/items_stack_manual/items_pickup_allowed/items_pickup_existing；拾取额外要求个人 opt-in。,保留更谨慎默认值,/home/ubuntu/Steam/steamapps/workshop/content/322330/1803285852/modinfo.lua,[AutoStackManuallyDroppedItems](/home/ubuntu/Steam/steamapps/workshop/content/322330/1803285852/modinfo.lua:174)
Auto Stack and Pick Up,ManualDropStackRange,Manual Auto Stack Range,5,1 / 2 / 3 / 4 / 5 / 6 / 7 / 8 / 9 / 10 / 11 / 12 / 13 / 14 / 15 / 16 / 17 / 18 / 19 / 20 / 21 / 22 / 23 / 24 / 25,"[{""description"": ""1"", ""data"": 1}, {""description"": ""2"", ""data"": 2}, {""description"": ""3"", ""data"": 3}, {""description"": ""4"", ""data"": 4}, {""description"": ""5"", ""data"": 5}, {""description"": ""6"", ""data"": 6}, {""description"": ""7"", ""data"": 7}, {""description"": ""8"", ""data"": 8}, {""description"": ""9"", ""data"": 9}, {""description"": ""10"", ""data"": 10}, {""description"": ""11"", ""data"": 11}, {""description"": ""12"", ""data"": 12}, {""description"": ""13"", ""data"": 13}, {""description"": ""14"", ""data"": 14}, {""description"": ""15"", ""data"": 15}, {""description"": ""16"", ""data"": 16}, {""description"": ""17"", ""data"": 17}, {""description"": ""18"", ""data"": 18}, {""description"": ""19"", ""data"": 19}, {""description"": ""20"", ""data"": 20}, {""description"": ""21"", ""data"": 21}, {""description"": ""22"", ""data"": 22}, {""description"": ""23"", ""data"": 23}, {""description"": ""24"", ""data"": 24}, {""description"": ""25"", ""data"": 25}]",—,—,服主,✅,❌,三种操作共用 items_radius，2/4/6/8；不能分别设置 1～25。,应补独立半径,/home/ubuntu/Steam/steamapps/workshop/content/322330/1803285852/modinfo.lua,[ManualDropStackRange](/home/ubuntu/Steam/steamapps/workshop/content/322330/1803285852/modinfo.lua:184)
Auto Stack and Pick Up,ManualStackMakeNewStackMainStack,Manual Auto Stack In,false,true / false,"[{""description"": ""Newest"", ""data"": true}, {""description"": ""Existing"", ""data"": false}]",—,—,服主,✅,❌,固定向较早的合法堆合并，没有 Newest/Existing 选择。,默认保持 Existing；Newest 可忽略,/home/ubuntu/Steam/steamapps/workshop/content/322330/1803285852/modinfo.lua,[ManualStackMakeNewStackMainStack](/home/ubuntu/Steam/steamapps/workshop/content/322330/1803285852/modinfo.lua:217)
Auto Stack and Pick Up,ManualStackAsh,Manual Auto Stack Ash,false,true / false,"[{""description"": ""Yes"", ""data"": true}, {""description"": ""No"", ""data"": false}]",—,—,服主,✅,❌,没有按灰烬/粪便/种子及来源划分的过滤选项。,应补可配置过滤,/home/ubuntu/Steam/steamapps/workshop/content/322330/1803285852/modinfo.lua,[ManualStackAsh](/home/ubuntu/Steam/steamapps/workshop/content/322330/1803285852/modinfo.lua:227)
Auto Stack and Pick Up,ManualStackPoop,Manual Auto Stack Poop,false,true / false,"[{""description"": ""Yes"", ""data"": true}, {""description"": ""No"", ""data"": false}]",—,—,服主,✅,❌,没有按灰烬/粪便/种子及来源划分的过滤选项。,应补可配置过滤,/home/ubuntu/Steam/steamapps/workshop/content/322330/1803285852/modinfo.lua,[ManualStackPoop](/home/ubuntu/Steam/steamapps/workshop/content/322330/1803285852/modinfo.lua:237)
Auto Stack and Pick Up,ManualStackSeeds,Manual Auto Stack Seeds,false,true / false,"[{""description"": ""Yes"", ""data"": true}, {""description"": ""No"", ""data"": false}]",—,—,服主,✅,❌,没有按灰烬/粪便/种子及来源划分的过滤选项。,应补可配置过滤,/home/ubuntu/Steam/steamapps/workshop/content/322330/1803285852/modinfo.lua,[ManualStackSeeds](/home/ubuntu/Steam/steamapps/workshop/content/322330/1803285852/modinfo.lua:247)
Auto Stack and Pick Up,AutoPickupEnabled,Auto Pickup Items,false,true / false,"[{""description"": ""On"", ""data"": true}, {""description"": ""Off"", ""data"": false}]",—,—,服主,✅,✅,对应 items_stack_world/items_stack_manual/items_pickup_allowed/items_pickup_existing；拾取额外要求个人 opt-in。,保留更谨慎默认值,/home/ubuntu/Steam/steamapps/workshop/content/322330/1803285852/modinfo.lua,[AutoPickupEnabled](/home/ubuntu/Steam/steamapps/workshop/content/322330/1803285852/modinfo.lua:266)
Auto Stack and Pick Up,AutoPickupRange,Auto Pickup Range,10,1 / 2 / 3 / 4 / 5 / 6 / 7 / 8 / 9 / 10 / 11 / 12 / 13 / 14 / 15 / 16 / 17 / 18 / 19 / 20 / 21 / 22 / 23 / 24 / 25,"[{""description"": ""1"", ""data"": 1}, {""description"": ""2"", ""data"": 2}, {""description"": ""3"", ""data"": 3}, {""description"": ""4"", ""data"": 4}, {""description"": ""5"", ""data"": 5}, {""description"": ""6"", ""data"": 6}, {""description"": ""7"", ""data"": 7}, {""description"": ""8"", ""data"": 8}, {""description"": ""9"", ""data"": 9}, {""description"": ""10"", ""data"": 10}, {""description"": ""11"", ""data"": 11}, {""description"": ""12"", ""data"": 12}, {""description"": ""13"", ""data"": 13}, {""description"": ""14"", ""data"": 14}, {""description"": ""15"", ""data"": 15}, {""description"": ""16"", ""data"": 16}, {""description"": ""17"", ""data"": 17}, {""description"": ""18"", ""data"": 18}, {""description"": ""19"", ""data"": 19}, {""description"": ""20"", ""data"": 20}, {""description"": ""21"", ""data"": 21}, {""description"": ""22"", ""data"": 22}, {""description"": ""23"", ""data"": 23}, {""description"": ""24"", ""data"": 24}, {""description"": ""25"", ""data"": 25}]",—,—,服主,✅,❌,三种操作共用 items_radius，2/4/6/8；不能分别设置 1～25。,应补独立半径,/home/ubuntu/Steam/steamapps/workshop/content/322330/1803285852/modinfo.lua,[AutoPickupRange](/home/ubuntu/Steam/steamapps/workshop/content/322330/1803285852/modinfo.lua:276)
Auto Stack and Pick Up,PlayerMustHaveOneOfItemToAutoPickup,Require Existing Stack?,false,true / false,"[{""description"": ""Yes"", ""data"": true}, {""description"": ""No"", ""data"": false}]",—,—,服主,✅,✅,对应 items_stack_world/items_stack_manual/items_pickup_allowed/items_pickup_existing；拾取额外要求个人 opt-in。,保留更谨慎默认值,/home/ubuntu/Steam/steamapps/workshop/content/322330/1803285852/modinfo.lua,[PlayerMustHaveOneOfItemToAutoPickup](/home/ubuntu/Steam/steamapps/workshop/content/322330/1803285852/modinfo.lua:309)
Auto Stack and Pick Up,AutoPickupAsh,Auto Pickup Ash,false,true / false,"[{""description"": ""Yes"", ""data"": true}, {""description"": ""No"", ""data"": false}]",—,—,服主,✅,❌,没有按灰烬/粪便/种子及来源划分的过滤选项。,应补可配置过滤,/home/ubuntu/Steam/steamapps/workshop/content/322330/1803285852/modinfo.lua,[AutoPickupAsh](/home/ubuntu/Steam/steamapps/workshop/content/322330/1803285852/modinfo.lua:319)
Auto Stack and Pick Up,AutoPickupPoop,Auto Pickup Poop,false,true / false,"[{""description"": ""Yes"", ""data"": true}, {""description"": ""No"", ""data"": false}]",—,—,服主,✅,❌,没有按灰烬/粪便/种子及来源划分的过滤选项。,应补可配置过滤,/home/ubuntu/Steam/steamapps/workshop/content/322330/1803285852/modinfo.lua,[AutoPickupPoop](/home/ubuntu/Steam/steamapps/workshop/content/322330/1803285852/modinfo.lua:329)
Auto Stack and Pick Up,AutoPickupSeeds,Auto Pickup Seeds,false,true / false,"[{""description"": ""Yes"", ""data"": true}, {""description"": ""No"", ""data"": false}]",—,—,服主,✅,❌,没有按灰烬/粪便/种子及来源划分的过滤选项。,应补可配置过滤,/home/ubuntu/Steam/steamapps/workshop/content/322330/1803285852/modinfo.lua,[AutoPickupSeeds](/home/ubuntu/Steam/steamapps/workshop/content/322330/1803285852/modinfo.lua:339)
ActionQueue RB3,Languages,語言,english,english / korean / chinese,"[{""description"": ""英文"", ""data"": ""english""}, {""description"": ""韩语"", ""data"": ""korean""}, {""description"": ""中文"", ""data"": ""chinese""}]",—,—,客户端,✅,✅,language 自动/中/英；参考支持英/韩/中，取值及韩语覆盖不同。,韩语按需,/home/ubuntu/Steam/steamapps/workshop/content/322330/2873533916/modinfo.lua,[Languages](/home/ubuntu/Steam/steamapps/workshop/content/322330/2873533916/modinfo.lua:100)
ActionQueue RB3,action_queue_key,列队行为键,KEY_LSHIFT,KEY_A / KEY_B / KEY_C / KEY_D / KEY_E / KEY_F / KEY_G / KEY_H / KEY_I / KEY_J / KEY_K / KEY_L / KEY_M / KEY_N / KEY_O / KEY_P / KEY_Q / KEY_R / KEY_S / KEY_T / KEY_U / KEY_V / KEY_W / KEY_X / KEY_Y / KEY_Z / KEY_F1 / KEY_F2 / KEY_F3 / KEY_F4 / KEY_F5 / KEY_F6 / KEY_F7 / KEY_F8 / KEY_F9 / KEY_F10 / KEY_F11 / KEY_F12 / KEY_LALT / KEY_RALT / KEY_LCTRL / KEY_RCTRL / KEY_LSHIFT / KEY_RSHIFT / KEY_TAB / KEY_CAPSLOCK / KEY_SPACE / KEY_MINUS / KEY_EQUALS / KEY_BACKSPACE / KEY_INSERT / KEY_HOME / KEY_DELETE / KEY_END / KEY_PAGEUP / KEY_PAGEDOWN / KEY_PRINT / KEY_SCROLLOCK / KEY_PAUSE / KEY_PERIOD / KEY_SLASH / KEY_SEMICOLON / KEY_LEFTBRACKET / KEY_RIGHTBRACKET / KEY_BACKSLASH / KEY_UP / KEY_DOWN / KEY_LEFT / KEY_RIGHT / false,"[{""description"": ""A"", ""data"": ""KEY_A""}, {""description"": ""B"", ""data"": ""KEY_B""}, {""description"": ""C"", ""data"": ""KEY_C""}, {""description"": ""D"", ""data"": ""KEY_D""}, {""description"": ""E"", ""data"": ""KEY_E""}, {""description"": ""F"", ""data"": ""KEY_F""}, {""description"": ""G"", ""data"": ""KEY_G""}, {""description"": ""H"", ""data"": ""KEY_H""}, {""description"": ""I"", ""data"": ""KEY_I""}, {""description"": ""J"", ""data"": ""KEY_J""}, {""description"": ""K"", ""data"": ""KEY_K""}, {""description"": ""L"", ""data"": ""KEY_L""}, {""description"": ""M"", ""data"": ""KEY_M""}, {""description"": ""N"", ""data"": ""KEY_N""}, {""description"": ""O"", ""data"": ""KEY_O""}, {""description"": ""P"", ""data"": ""KEY_P""}, {""description"": ""Q"", ""data"": ""KEY_Q""}, {""description"": ""R"", ""data"": ""KEY_R""}, {""description"": ""S"", ""data"": ""KEY_S""}, {""description"": ""T"", ""data"": ""KEY_T""}, {""description"": ""U"", ""data"": ""KEY_U""}, {""description"": ""V"", ""data"": ""KEY_V""}, {""description"": ""W"", ""data"": ""KEY_W""}, {""description"": ""X"", ""data"": ""KEY_X""}, {""description"": ""Y"", ""data"": ""KEY_Y""}, {""description"": ""Z"", ""data"": ""KEY_Z""}, {""description"": ""F1"", ""data"": ""KEY_F1""}, {""description"": ""F2"", ""data"": ""KEY_F2""}, {""description"": ""F3"", ""data"": ""KEY_F3""}, {""description"": ""F4"", ""data"": ""KEY_F4""}, {""description"": ""F5"", ""data"": ""KEY_F5""}, {""description"": ""F6"", ""data"": ""KEY_F6""}, {""description"": ""F7"", ""data"": ""KEY_F7""}, {""description"": ""F8"", ""data"": ""KEY_F8""}, {""description"": ""F9"", ""data"": ""KEY_F9""}, {""description"": ""F10"", ""data"": ""KEY_F10""}, {""description"": ""F11"", ""data"": ""KEY_F11""}, {""description"": ""F12"", ""data"": ""KEY_F12""}, {""description"": ""LAlt"", ""data"": ""KEY_LALT""}, {""description"": ""RAlt"", ""data"": ""KEY_RALT""}, {""description"": ""LCtrl"", ""data"": ""KEY_LCTRL""}, {""description"": ""RCtrl"", ""data"": ""KEY_RCTRL""}, {""description"": ""LShift"", ""data"": ""KEY_LSHIFT""}, {""description"": ""RShift"", ""data"": ""KEY_RSHIFT""}, {""description"": ""Tab"", ""data"": ""KEY_TAB""}, {""description"": ""Capslock"", ""data"": ""KEY_CAPSLOCK""}, {""description"": ""Space"", ""data"": ""KEY_SPACE""}, {""description"": ""Minus"", ""data"": ""KEY_MINUS""}, {""description"": ""Equals"", ""data"": ""KEY_EQUALS""}, {""description"": ""Backspace"", ""data"": ""KEY_BACKSPACE""}, {""description"": ""Insert"", ""data"": ""KEY_INSERT""}, {""description"": ""Home"", ""data"": ""KEY_HOME""}, {""description"": ""Delete"", ""data"": ""KEY_DELETE""}, {""description"": ""End"", ""data"": ""KEY_END""}, {""description"": ""Pageup"", ""data"": ""KEY_PAGEUP""}, {""description"": ""Pagedown"", ""data"": ""KEY_PAGEDOWN""}, {""description"": ""Print"", ""data"": ""KEY_PRINT""}, {""description"": ""Scrollock"", ""data"": ""KEY_SCROLLOCK""}, {""description"": ""Pause"", ""data"": ""KEY_PAUSE""}, {""description"": ""Period"", ""data"": ""KEY_PERIOD""}, {""description"": ""Slash"", ""data"": ""KEY_SLASH""}, {""description"": ""Semicolon"", ""data"": ""KEY_SEMICOLON""}, {""description"": ""Leftbracket"", ""data"": ""KEY_LEFTBRACKET""}, {""description"": ""Rightbracket"", ""data"": ""KEY_RIGHTBRACKET""}, {""description"": ""Backslash"", ""data"": ""KEY_BACKSLASH""}, {""description"": ""Up"", ""data"": ""KEY_UP""}, {""description"": ""Down"", ""data"": ""KEY_DOWN""}, {""description"": ""Left"", ""data"": ""KEY_LEFT""}, {""description"": ""Right"", ""data"": ""KEY_RIGHT""}, {""description"": ""Disabled"", ""data"": false}]",—,—,客户端,✅,✅,个人 queue.modifier_key，默认左 Shift，F7 中重绑定。,保留,/home/ubuntu/Steam/steamapps/workshop/content/322330/2873533916/modinfo.lua,[action_queue_key](/home/ubuntu/Steam/steamapps/workshop/content/322330/2873533916/modinfo.lua:101)
ActionQueue RB3,always_clear_queue,始终清除队列,true,true / false,"[{""description"": ""Yes"", ""data"": true}, {""description"": ""No"", ""data"": false}]",—,—,客户端,✅,❌,手動接管固定取消，失焦固定暂停；不能切成保留选择策略。,可保持既有接管规则,/home/ubuntu/Steam/steamapps/workshop/content/322330/2873533916/modinfo.lua,[always_clear_queue](/home/ubuntu/Steam/steamapps/workshop/content/322330/2873533916/modinfo.lua:102)
ActionQueue RB3,selection_color,列队行为颜色,WHITE,WHITE / FIREBRICK / TAN / LIGHTGOLD / GREEN / TEAL / OTHERBLUE / DARKPLUM / ROSYBROWN / GOLDENROD,"[{""description"": ""白色"", ""data"": ""WHITE""}, {""description"": ""红色"", ""data"": ""FIREBRICK""}, {""description"": ""橙色"", ""data"": ""TAN""}, {""description"": ""黄色"", ""data"": ""LIGHTGOLD""}, {""description"": ""绿色"", ""data"": ""GREEN""}, {""description"": ""青色"", ""data"": ""TEAL""}, {""description"": ""蓝色"", ""data"": ""OTHERBLUE""}, {""description"": ""紫色"", ""data"": ""DARKPLUM""}, {""description"": ""粉色"", ""data"": ""ROSYBROWN""}, {""description"": ""金色"", ""data"": ""GOLDENROD""}]",—,—,客户端,✅,❌,选择框/预览使用固定样式。,颜色和透明度按可读性需要补,/home/ubuntu/Steam/steamapps/workshop/content/322330/2873533916/modinfo.lua,[selection_color](/home/ubuntu/Steam/steamapps/workshop/content/322330/2873533916/modinfo.lua:103)
ActionQueue RB3,selection_opacity,列队行为透明度,0.5,0.05 / 0.1 / 0.15 / 0.2 / 0.25 / 0.3 / 0.35 / 0.4 / 0.45 / 0.5 / 0.55 / 0.6 / 0.65 / 0.7 / 0.75 / 0.8 / 0.85 / 0.9 / 0.95,"[{""description"": ""5%"", ""data"": 0.05}, {""description"": ""10%"", ""data"": 0.1}, {""description"": ""15%"", ""data"": 0.15}, {""description"": ""20%"", ""data"": 0.2}, {""description"": ""25%"", ""data"": 0.25}, {""description"": ""30%"", ""data"": 0.3}, {""description"": ""35%"", ""data"": 0.35}, {""description"": ""40%"", ""data"": 0.4}, {""description"": ""45%"", ""data"": 0.45}, {""description"": ""50%"", ""data"": 0.5}, {""description"": ""55%"", ""data"": 0.55}, {""description"": ""60%"", ""data"": 0.6}, {""description"": ""65%"", ""data"": 0.65}, {""description"": ""70%"", ""data"": 0.7}, {""description"": ""75%"", ""data"": 0.75}, {""description"": ""80%"", ""data"": 0.8}, {""description"": ""85%"", ""data"": 0.85}, {""description"": ""90%"", ""data"": 0.9}, {""description"": ""95%"", ""data"": 0.95}]",—,—,客户端,✅,❌,选择框/预览使用固定样式。,颜色和透明度按可读性需要补,/home/ubuntu/Steam/steamapps/workshop/content/322330/2873533916/modinfo.lua,[selection_opacity](/home/ubuntu/Steam/steamapps/workshop/content/322330/2873533916/modinfo.lua:104)
ActionQueue RB3,double_click_speed,双击速度,0.3,0 / 0.05 / 0.1 / 0.15 / 0.2 / 0.25 / 0.3 / 0.35 / 0.4 / 0.45 / 0.5,"[{""description"": ""0"", ""data"": 0}, {""description"": ""0.05"", ""data"": 0.05}, {""description"": ""0.1"", ""data"": 0.1}, {""description"": ""0.15"", ""data"": 0.15}, {""description"": ""0.2"", ""data"": 0.2}, {""description"": ""0.25"", ""data"": 0.25}, {""description"": ""0.3"", ""data"": 0.3}, {""description"": ""0.35"", ""data"": 0.35}, {""description"": ""0.4"", ""data"": 0.4}, {""description"": ""0.45"", ""data"": 0.45}, {""description"": ""0.5"", ""data"": 0.5}]",—,—,客户端,✅,❌,固定 0.35 秒、15 距离，未公开配置。,应补交互参数,/home/ubuntu/Steam/steamapps/workshop/content/322330/2873533916/modinfo.lua,[double_click_speed](/home/ubuntu/Steam/steamapps/workshop/content/322330/2873533916/modinfo.lua:105)
ActionQueue RB3,double_click_range,双击选择范围,25,10 / 15 / 20 / 25 / 30 / 35 / 40 / 45 / 50 / 55 / 60,"[{""description"": ""10"", ""data"": 10}, {""description"": ""15"", ""data"": 15}, {""description"": ""20"", ""data"": 20}, {""description"": ""25"", ""data"": 25}, {""description"": ""30"", ""data"": 30}, {""description"": ""35"", ""data"": 35}, {""description"": ""40"", ""data"": 40}, {""description"": ""45"", ""data"": 45}, {""description"": ""50"", ""data"": 50}, {""description"": ""55"", ""data"": 55}, {""description"": ""60"", ""data"": 60}]",—,—,客户端,✅,❌,固定 0.35 秒、15 距离，未公开配置。,应补交互参数,/home/ubuntu/Steam/steamapps/workshop/content/322330/2873533916/modinfo.lua,[double_click_range](/home/ubuntu/Steam/steamapps/workshop/content/322330/2873533916/modinfo.lua:106)
ActionQueue RB3,turf_grid_key,显示地皮网格键,KEY_F3,KEY_A / KEY_B / KEY_C / KEY_D / KEY_E / KEY_F / KEY_G / KEY_H / KEY_I / KEY_J / KEY_K / KEY_L / KEY_M / KEY_N / KEY_O / KEY_P / KEY_Q / KEY_R / KEY_S / KEY_T / KEY_U / KEY_V / KEY_W / KEY_X / KEY_Y / KEY_Z / KEY_F1 / KEY_F2 / KEY_F3 / KEY_F4 / KEY_F5 / KEY_F6 / KEY_F7 / KEY_F8 / KEY_F9 / KEY_F10 / KEY_F11 / KEY_F12 / KEY_LALT / KEY_RALT / KEY_LCTRL / KEY_RCTRL / KEY_LSHIFT / KEY_RSHIFT / KEY_TAB / KEY_CAPSLOCK / KEY_SPACE / KEY_MINUS / KEY_EQUALS / KEY_BACKSPACE / KEY_INSERT / KEY_HOME / KEY_DELETE / KEY_END / KEY_PAGEUP / KEY_PAGEDOWN / KEY_PRINT / KEY_SCROLLOCK / KEY_PAUSE / KEY_PERIOD / KEY_SLASH / KEY_SEMICOLON / KEY_LEFTBRACKET / KEY_RIGHTBRACKET / KEY_BACKSLASH / KEY_UP / KEY_DOWN / KEY_LEFT / KEY_RIGHT / false,"[{""description"": ""A"", ""data"": ""KEY_A""}, {""description"": ""B"", ""data"": ""KEY_B""}, {""description"": ""C"", ""data"": ""KEY_C""}, {""description"": ""D"", ""data"": ""KEY_D""}, {""description"": ""E"", ""data"": ""KEY_E""}, {""description"": ""F"", ""data"": ""KEY_F""}, {""description"": ""G"", ""data"": ""KEY_G""}, {""description"": ""H"", ""data"": ""KEY_H""}, {""description"": ""I"", ""data"": ""KEY_I""}, {""description"": ""J"", ""data"": ""KEY_J""}, {""description"": ""K"", ""data"": ""KEY_K""}, {""description"": ""L"", ""data"": ""KEY_L""}, {""description"": ""M"", ""data"": ""KEY_M""}, {""description"": ""N"", ""data"": ""KEY_N""}, {""description"": ""O"", ""data"": ""KEY_O""}, {""description"": ""P"", ""data"": ""KEY_P""}, {""description"": ""Q"", ""data"": ""KEY_Q""}, {""description"": ""R"", ""data"": ""KEY_R""}, {""description"": ""S"", ""data"": ""KEY_S""}, {""description"": ""T"", ""data"": ""KEY_T""}, {""description"": ""U"", ""data"": ""KEY_U""}, {""description"": ""V"", ""data"": ""KEY_V""}, {""description"": ""W"", ""data"": ""KEY_W""}, {""description"": ""X"", ""data"": ""KEY_X""}, {""description"": ""Y"", ""data"": ""KEY_Y""}, {""description"": ""Z"", ""data"": ""KEY_Z""}, {""description"": ""F1"", ""data"": ""KEY_F1""}, {""description"": ""F2"", ""data"": ""KEY_F2""}, {""description"": ""F3"", ""data"": ""KEY_F3""}, {""description"": ""F4"", ""data"": ""KEY_F4""}, {""description"": ""F5"", ""data"": ""KEY_F5""}, {""description"": ""F6"", ""data"": ""KEY_F6""}, {""description"": ""F7"", ""data"": ""KEY_F7""}, {""description"": ""F8"", ""data"": ""KEY_F8""}, {""description"": ""F9"", ""data"": ""KEY_F9""}, {""description"": ""F10"", ""data"": ""KEY_F10""}, {""description"": ""F11"", ""data"": ""KEY_F11""}, {""description"": ""F12"", ""data"": ""KEY_F12""}, {""description"": ""LAlt"", ""data"": ""KEY_LALT""}, {""description"": ""RAlt"", ""data"": ""KEY_RALT""}, {""description"": ""LCtrl"", ""data"": ""KEY_LCTRL""}, {""description"": ""RCtrl"", ""data"": ""KEY_RCTRL""}, {""description"": ""LShift"", ""data"": ""KEY_LSHIFT""}, {""description"": ""RShift"", ""data"": ""KEY_RSHIFT""}, {""description"": ""Tab"", ""data"": ""KEY_TAB""}, {""description"": ""Capslock"", ""data"": ""KEY_CAPSLOCK""}, {""description"": ""Space"", ""data"": ""KEY_SPACE""}, {""description"": ""Minus"", ""data"": ""KEY_MINUS""}, {""description"": ""Equals"", ""data"": ""KEY_EQUALS""}, {""description"": ""Backspace"", ""data"": ""KEY_BACKSPACE""}, {""description"": ""Insert"", ""data"": ""KEY_INSERT""}, {""description"": ""Home"", ""data"": ""KEY_HOME""}, {""description"": ""Delete"", ""data"": ""KEY_DELETE""}, {""description"": ""End"", ""data"": ""KEY_END""}, {""description"": ""Pageup"", ""data"": ""KEY_PAGEUP""}, {""description"": ""Pagedown"", ""data"": ""KEY_PAGEDOWN""}, {""description"": ""Print"", ""data"": ""KEY_PRINT""}, {""description"": ""Scrollock"", ""data"": ""KEY_SCROLLOCK""}, {""description"": ""Pause"", ""data"": ""KEY_PAUSE""}, {""description"": ""Period"", ""data"": ""KEY_PERIOD""}, {""description"": ""Slash"", ""data"": ""KEY_SLASH""}, {""description"": ""Semicolon"", ""data"": ""KEY_SEMICOLON""}, {""description"": ""Leftbracket"", ""data"": ""KEY_LEFTBRACKET""}, {""description"": ""Rightbracket"", ""data"": ""KEY_RIGHTBRACKET""}, {""description"": ""Backslash"", ""data"": ""KEY_BACKSLASH""}, {""description"": ""Up"", ""data"": ""KEY_UP""}, {""description"": ""Down"", ""data"": ""KEY_DOWN""}, {""description"": ""Left"", ""data"": ""KEY_LEFT""}, {""description"": ""Right"", ""data"": ""KEY_RIGHT""}, {""description"": ""Disabled"", ""data"": false}]",—,—,客户端,✅,❌,仅有有限区域布点和固定蛇形，无独立网格层、陷阱间距、强制网格或双蛇形配置。,网格/间距按需；双蛇形可暂缓,/home/ubuntu/Steam/steamapps/workshop/content/322330/2873533916/modinfo.lua,[turf_grid_key](/home/ubuntu/Steam/steamapps/workshop/content/322330/2873533916/modinfo.lua:107)
ActionQueue RB3,turf_grid_radius,地皮网格半径,5,1 / 2 / 3 / 4 / 5 / 6 / 7 / 8 / 9 / 10 / 11 / 12 / 13 / 14 / 15 / 16 / 17 / 18 / 19 / 20 / 21 / 22 / 23 / 24 / 25 / 26 / 27 / 28 / 29 / 30 / 31 / 32 / 33 / 34 / 35 / 36 / 37 / 38 / 39 / 40 / 41 / 42 / 43 / 44 / 45 / 46 / 47 / 48 / 49 / 50,"[{""description"": ""1"", ""data"": 1}, {""description"": ""2"", ""data"": 2}, {""description"": ""3"", ""data"": 3}, {""description"": ""4"", ""data"": 4}, {""description"": ""5"", ""data"": 5}, {""description"": ""6"", ""data"": 6}, {""description"": ""7"", ""data"": 7}, {""description"": ""8"", ""data"": 8}, {""description"": ""9"", ""data"": 9}, {""description"": ""10"", ""data"": 10}, {""description"": ""11"", ""data"": 11}, {""description"": ""12"", ""data"": 12}, {""description"": ""13"", ""data"": 13}, {""description"": ""14"", ""data"": 14}, {""description"": ""15"", ""data"": 15}, {""description"": ""16"", ""data"": 16}, {""description"": ""17"", ""data"": 17}, {""description"": ""18"", ""data"": 18}, {""description"": ""19"", ""data"": 19}, {""description"": ""20"", ""data"": 20}, {""description"": ""21"", ""data"": 21}, {""description"": ""22"", ""data"": 22}, {""description"": ""23"", ""data"": 23}, {""description"": ""24"", ""data"": 24}, {""description"": ""25"", ""data"": 25}, {""description"": ""26"", ""data"": 26}, {""description"": ""27"", ""data"": 27}, {""description"": ""28"", ""data"": 28}, {""description"": ""29"", ""data"": 29}, {""description"": ""30"", ""data"": 30}, {""description"": ""31"", ""data"": 31}, {""description"": ""32"", ""data"": 32}, {""description"": ""33"", ""data"": 33}, {""description"": ""34"", ""data"": 34}, {""description"": ""35"", ""data"": 35}, {""description"": ""36"", ""data"": 36}, {""description"": ""37"", ""data"": 37}, {""description"": ""38"", ""data"": 38}, {""description"": ""39"", ""data"": 39}, {""description"": ""40"", ""data"": 40}, {""description"": ""41"", ""data"": 41}, {""description"": ""42"", ""data"": 42}, {""description"": ""43"", ""data"": 43}, {""description"": ""44"", ""data"": 44}, {""description"": ""45"", ""data"": 45}, {""description"": ""46"", ""data"": 46}, {""description"": ""47"", ""data"": 47}, {""description"": ""48"", ""data"": 48}, {""description"": ""49"", ""data"": 49}, {""description"": ""50"", ""data"": 50}]",—,—,客户端,✅,❌,仅有有限区域布点和固定蛇形，无独立网格层、陷阱间距、强制网格或双蛇形配置。,网格/间距按需；双蛇形可暂缓,/home/ubuntu/Steam/steamapps/workshop/content/322330/2873533916/modinfo.lua,[turf_grid_radius](/home/ubuntu/Steam/steamapps/workshop/content/322330/2873533916/modinfo.lua:108)
ActionQueue RB3,turf_grid_color,地皮网格颜色,WHITE,WHITE / FIREBRICK / TAN / LIGHTGOLD / GREEN / TEAL / OTHERBLUE / DARKPLUM / ROSYBROWN / GOLDENROD,"[{""description"": ""白色"", ""data"": ""WHITE""}, {""description"": ""红色"", ""data"": ""FIREBRICK""}, {""description"": ""橙色"", ""data"": ""TAN""}, {""description"": ""黄色"", ""data"": ""LIGHTGOLD""}, {""description"": ""绿色"", ""data"": ""GREEN""}, {""description"": ""青色"", ""data"": ""TEAL""}, {""description"": ""蓝色"", ""data"": ""OTHERBLUE""}, {""description"": ""紫色"", ""data"": ""DARKPLUM""}, {""description"": ""粉色"", ""data"": ""ROSYBROWN""}, {""description"": ""金色"", ""data"": ""GOLDENROD""}]",—,—,客户端,✅,❌,选择框/预览使用固定样式。,颜色和透明度按可读性需要补,/home/ubuntu/Steam/steamapps/workshop/content/322330/2873533916/modinfo.lua,[turf_grid_color](/home/ubuntu/Steam/steamapps/workshop/content/322330/2873533916/modinfo.lua:109)
ActionQueue RB3,deploy_on_grid,只在网格上部署,false,true / false,"[{""description"": ""Yes"", ""data"": true}, {""description"": ""No"", ""data"": false}]",—,—,客户端,✅,❌,仅有有限区域布点和固定蛇形，无独立网格层、陷阱间距、强制网格或双蛇形配置。,网格/间距按需；双蛇形可暂缓,/home/ubuntu/Steam/steamapps/workshop/content/322330/2873533916/modinfo.lua,[deploy_on_grid](/home/ubuntu/Steam/steamapps/workshop/content/322330/2873533916/modinfo.lua:110)
ActionQueue RB3,auto_collect_key,自动拾取键,KEY_F4,KEY_A / KEY_B / KEY_C / KEY_D / KEY_E / KEY_F / KEY_G / KEY_H / KEY_I / KEY_J / KEY_K / KEY_L / KEY_M / KEY_N / KEY_O / KEY_P / KEY_Q / KEY_R / KEY_S / KEY_T / KEY_U / KEY_V / KEY_W / KEY_X / KEY_Y / KEY_Z / KEY_F1 / KEY_F2 / KEY_F3 / KEY_F4 / KEY_F5 / KEY_F6 / KEY_F7 / KEY_F8 / KEY_F9 / KEY_F10 / KEY_F11 / KEY_F12 / KEY_LALT / KEY_RALT / KEY_LCTRL / KEY_RCTRL / KEY_LSHIFT / KEY_RSHIFT / KEY_TAB / KEY_CAPSLOCK / KEY_SPACE / KEY_MINUS / KEY_EQUALS / KEY_BACKSPACE / KEY_INSERT / KEY_HOME / KEY_DELETE / KEY_END / KEY_PAGEUP / KEY_PAGEDOWN / KEY_PRINT / KEY_SCROLLOCK / KEY_PAUSE / KEY_PERIOD / KEY_SLASH / KEY_SEMICOLON / KEY_LEFTBRACKET / KEY_RIGHTBRACKET / KEY_BACKSLASH / KEY_UP / KEY_DOWN / KEY_LEFT / KEY_RIGHT / false,"[{""description"": ""A"", ""data"": ""KEY_A""}, {""description"": ""B"", ""data"": ""KEY_B""}, {""description"": ""C"", ""data"": ""KEY_C""}, {""description"": ""D"", ""data"": ""KEY_D""}, {""description"": ""E"", ""data"": ""KEY_E""}, {""description"": ""F"", ""data"": ""KEY_F""}, {""description"": ""G"", ""data"": ""KEY_G""}, {""description"": ""H"", ""data"": ""KEY_H""}, {""description"": ""I"", ""data"": ""KEY_I""}, {""description"": ""J"", ""data"": ""KEY_J""}, {""description"": ""K"", ""data"": ""KEY_K""}, {""description"": ""L"", ""data"": ""KEY_L""}, {""description"": ""M"", ""data"": ""KEY_M""}, {""description"": ""N"", ""data"": ""KEY_N""}, {""description"": ""O"", ""data"": ""KEY_O""}, {""description"": ""P"", ""data"": ""KEY_P""}, {""description"": ""Q"", ""data"": ""KEY_Q""}, {""description"": ""R"", ""data"": ""KEY_R""}, {""description"": ""S"", ""data"": ""KEY_S""}, {""description"": ""T"", ""data"": ""KEY_T""}, {""description"": ""U"", ""data"": ""KEY_U""}, {""description"": ""V"", ""data"": ""KEY_V""}, {""description"": ""W"", ""data"": ""KEY_W""}, {""description"": ""X"", ""data"": ""KEY_X""}, {""description"": ""Y"", ""data"": ""KEY_Y""}, {""description"": ""Z"", ""data"": ""KEY_Z""}, {""description"": ""F1"", ""data"": ""KEY_F1""}, {""description"": ""F2"", ""data"": ""KEY_F2""}, {""description"": ""F3"", ""data"": ""KEY_F3""}, {""description"": ""F4"", ""data"": ""KEY_F4""}, {""description"": ""F5"", ""data"": ""KEY_F5""}, {""description"": ""F6"", ""data"": ""KEY_F6""}, {""description"": ""F7"", ""data"": ""KEY_F7""}, {""description"": ""F8"", ""data"": ""KEY_F8""}, {""description"": ""F9"", ""data"": ""KEY_F9""}, {""description"": ""F10"", ""data"": ""KEY_F10""}, {""description"": ""F11"", ""data"": ""KEY_F11""}, {""description"": ""F12"", ""data"": ""KEY_F12""}, {""description"": ""LAlt"", ""data"": ""KEY_LALT""}, {""description"": ""RAlt"", ""data"": ""KEY_RALT""}, {""description"": ""LCtrl"", ""data"": ""KEY_LCTRL""}, {""description"": ""RCtrl"", ""data"": ""KEY_RCTRL""}, {""description"": ""LShift"", ""data"": ""KEY_LSHIFT""}, {""description"": ""RShift"", ""data"": ""KEY_RSHIFT""}, {""description"": ""Tab"", ""data"": ""KEY_TAB""}, {""description"": ""Capslock"", ""data"": ""KEY_CAPSLOCK""}, {""description"": ""Space"", ""data"": ""KEY_SPACE""}, {""description"": ""Minus"", ""data"": ""KEY_MINUS""}, {""description"": ""Equals"", ""data"": ""KEY_EQUALS""}, {""description"": ""Backspace"", ""data"": ""KEY_BACKSPACE""}, {""description"": ""Insert"", ""data"": ""KEY_INSERT""}, {""description"": ""Home"", ""data"": ""KEY_HOME""}, {""description"": ""Delete"", ""data"": ""KEY_DELETE""}, {""description"": ""End"", ""data"": ""KEY_END""}, {""description"": ""Pageup"", ""data"": ""KEY_PAGEUP""}, {""description"": ""Pagedown"", ""data"": ""KEY_PAGEDOWN""}, {""description"": ""Print"", ""data"": ""KEY_PRINT""}, {""description"": ""Scrollock"", ""data"": ""KEY_SCROLLOCK""}, {""description"": ""Pause"", ""data"": ""KEY_PAUSE""}, {""description"": ""Period"", ""data"": ""KEY_PERIOD""}, {""description"": ""Slash"", ""data"": ""KEY_SLASH""}, {""description"": ""Semicolon"", ""data"": ""KEY_SEMICOLON""}, {""description"": ""Leftbracket"", ""data"": ""KEY_LEFTBRACKET""}, {""description"": ""Rightbracket"", ""data"": ""KEY_RIGHTBRACKET""}, {""description"": ""Backslash"", ""data"": ""KEY_BACKSLASH""}, {""description"": ""Up"", ""data"": ""KEY_UP""}, {""description"": ""Down"", ""data"": ""KEY_DOWN""}, {""description"": ""Left"", ""data"": ""KEY_LEFT""}, {""description"": ""Right"", ""data"": ""KEY_RIGHT""}, {""description"": ""Disabled"", ""data"": false}]",—,—,客户端,✅,❌,世界新掉落自动入包与工作后主动走过去收集是不同流程。,应补任务范围内工作后收集,/home/ubuntu/Steam/steamapps/workshop/content/322330/2873533916/modinfo.lua,[auto_collect_key](/home/ubuntu/Steam/steamapps/workshop/content/322330/2873533916/modinfo.lua:111)
ActionQueue RB3,auto_collect,默认启用自动拾取,false,true / false,"[{""description"": ""Yes"", ""data"": true}, {""description"": ""No"", ""data"": false}]",—,—,客户端,✅,❌,世界新掉落自动入包与工作后主动走过去收集是不同流程。,应补任务范围内工作后收集,/home/ubuntu/Steam/steamapps/workshop/content/322330/2873533916/modinfo.lua,[auto_collect](/home/ubuntu/Steam/steamapps/workshop/content/322330/2873533916/modinfo.lua:112)
ActionQueue RB3,endless_deploy_key,无尽部署切换键,KEY_F5,KEY_A / KEY_B / KEY_C / KEY_D / KEY_E / KEY_F / KEY_G / KEY_H / KEY_I / KEY_J / KEY_K / KEY_L / KEY_M / KEY_N / KEY_O / KEY_P / KEY_Q / KEY_R / KEY_S / KEY_T / KEY_U / KEY_V / KEY_W / KEY_X / KEY_Y / KEY_Z / KEY_F1 / KEY_F2 / KEY_F3 / KEY_F4 / KEY_F5 / KEY_F6 / KEY_F7 / KEY_F8 / KEY_F9 / KEY_F10 / KEY_F11 / KEY_F12 / KEY_LALT / KEY_RALT / KEY_LCTRL / KEY_RCTRL / KEY_LSHIFT / KEY_RSHIFT / KEY_TAB / KEY_CAPSLOCK / KEY_SPACE / KEY_MINUS / KEY_EQUALS / KEY_BACKSPACE / KEY_INSERT / KEY_HOME / KEY_DELETE / KEY_END / KEY_PAGEUP / KEY_PAGEDOWN / KEY_PRINT / KEY_SCROLLOCK / KEY_PAUSE / KEY_PERIOD / KEY_SLASH / KEY_SEMICOLON / KEY_LEFTBRACKET / KEY_RIGHTBRACKET / KEY_BACKSLASH / KEY_UP / KEY_DOWN / KEY_LEFT / KEY_RIGHT / false,"[{""description"": ""A"", ""data"": ""KEY_A""}, {""description"": ""B"", ""data"": ""KEY_B""}, {""description"": ""C"", ""data"": ""KEY_C""}, {""description"": ""D"", ""data"": ""KEY_D""}, {""description"": ""E"", ""data"": ""KEY_E""}, {""description"": ""F"", ""data"": ""KEY_F""}, {""description"": ""G"", ""data"": ""KEY_G""}, {""description"": ""H"", ""data"": ""KEY_H""}, {""description"": ""I"", ""data"": ""KEY_I""}, {""description"": ""J"", ""data"": ""KEY_J""}, {""description"": ""K"", ""data"": ""KEY_K""}, {""description"": ""L"", ""data"": ""KEY_L""}, {""description"": ""M"", ""data"": ""KEY_M""}, {""description"": ""N"", ""data"": ""KEY_N""}, {""description"": ""O"", ""data"": ""KEY_O""}, {""description"": ""P"", ""data"": ""KEY_P""}, {""description"": ""Q"", ""data"": ""KEY_Q""}, {""description"": ""R"", ""data"": ""KEY_R""}, {""description"": ""S"", ""data"": ""KEY_S""}, {""description"": ""T"", ""data"": ""KEY_T""}, {""description"": ""U"", ""data"": ""KEY_U""}, {""description"": ""V"", ""data"": ""KEY_V""}, {""description"": ""W"", ""data"": ""KEY_W""}, {""description"": ""X"", ""data"": ""KEY_X""}, {""description"": ""Y"", ""data"": ""KEY_Y""}, {""description"": ""Z"", ""data"": ""KEY_Z""}, {""description"": ""F1"", ""data"": ""KEY_F1""}, {""description"": ""F2"", ""data"": ""KEY_F2""}, {""description"": ""F3"", ""data"": ""KEY_F3""}, {""description"": ""F4"", ""data"": ""KEY_F4""}, {""description"": ""F5"", ""data"": ""KEY_F5""}, {""description"": ""F6"", ""data"": ""KEY_F6""}, {""description"": ""F7"", ""data"": ""KEY_F7""}, {""description"": ""F8"", ""data"": ""KEY_F8""}, {""description"": ""F9"", ""data"": ""KEY_F9""}, {""description"": ""F10"", ""data"": ""KEY_F10""}, {""description"": ""F11"", ""data"": ""KEY_F11""}, {""description"": ""F12"", ""data"": ""KEY_F12""}, {""description"": ""LAlt"", ""data"": ""KEY_LALT""}, {""description"": ""RAlt"", ""data"": ""KEY_RALT""}, {""description"": ""LCtrl"", ""data"": ""KEY_LCTRL""}, {""description"": ""RCtrl"", ""data"": ""KEY_RCTRL""}, {""description"": ""LShift"", ""data"": ""KEY_LSHIFT""}, {""description"": ""RShift"", ""data"": ""KEY_RSHIFT""}, {""description"": ""Tab"", ""data"": ""KEY_TAB""}, {""description"": ""Capslock"", ""data"": ""KEY_CAPSLOCK""}, {""description"": ""Space"", ""data"": ""KEY_SPACE""}, {""description"": ""Minus"", ""data"": ""KEY_MINUS""}, {""description"": ""Equals"", ""data"": ""KEY_EQUALS""}, {""description"": ""Backspace"", ""data"": ""KEY_BACKSPACE""}, {""description"": ""Insert"", ""data"": ""KEY_INSERT""}, {""description"": ""Home"", ""data"": ""KEY_HOME""}, {""description"": ""Delete"", ""data"": ""KEY_DELETE""}, {""description"": ""End"", ""data"": ""KEY_END""}, {""description"": ""Pageup"", ""data"": ""KEY_PAGEUP""}, {""description"": ""Pagedown"", ""data"": ""KEY_PAGEDOWN""}, {""description"": ""Print"", ""data"": ""KEY_PRINT""}, {""description"": ""Scrollock"", ""data"": ""KEY_SCROLLOCK""}, {""description"": ""Pause"", ""data"": ""KEY_PAUSE""}, {""description"": ""Period"", ""data"": ""KEY_PERIOD""}, {""description"": ""Slash"", ""data"": ""KEY_SLASH""}, {""description"": ""Semicolon"", ""data"": ""KEY_SEMICOLON""}, {""description"": ""Leftbracket"", ""data"": ""KEY_LEFTBRACKET""}, {""description"": ""Rightbracket"", ""data"": ""KEY_RIGHTBRACKET""}, {""description"": ""Backslash"", ""data"": ""KEY_BACKSLASH""}, {""description"": ""Up"", ""data"": ""KEY_UP""}, {""description"": ""Down"", ""data"": ""KEY_DOWN""}, {""description"": ""Left"", ""data"": ""KEY_LEFT""}, {""description"": ""Right"", ""data"": ""KEY_RIGHT""}, {""description"": ""Disabled"", ""data"": false}]",—,—,客户端,✅,❌,只允许选定区域内最多 200 项，不提供无尽部署。,可忽略无尽模式,/home/ubuntu/Steam/steamapps/workshop/content/322330/2873533916/modinfo.lua,[endless_deploy_key](/home/ubuntu/Steam/steamapps/workshop/content/322330/2873533916/modinfo.lua:113)
ActionQueue RB3,endless_deploy,默认无尽部署,false,true / false,"[{""description"": ""Yes"", ""data"": true}, {""description"": ""No"", ""data"": false}]",—,—,客户端,✅,❌,只允许选定区域内最多 200 项，不提供无尽部署。,可忽略无尽模式,/home/ubuntu/Steam/steamapps/workshop/content/322330/2873533916/modinfo.lua,[endless_deploy](/home/ubuntu/Steam/steamapps/workshop/content/322330/2873533916/modinfo.lua:114)
ActionQueue RB3,last_recipe_key,制作上一个物品,KEY_C,KEY_A / KEY_B / KEY_C / KEY_D / KEY_E / KEY_F / KEY_G / KEY_H / KEY_I / KEY_J / KEY_K / KEY_L / KEY_M / KEY_N / KEY_O / KEY_P / KEY_Q / KEY_R / KEY_S / KEY_T / KEY_U / KEY_V / KEY_W / KEY_X / KEY_Y / KEY_Z / KEY_F1 / KEY_F2 / KEY_F3 / KEY_F4 / KEY_F5 / KEY_F6 / KEY_F7 / KEY_F8 / KEY_F9 / KEY_F10 / KEY_F11 / KEY_F12 / KEY_LALT / KEY_RALT / KEY_LCTRL / KEY_RCTRL / KEY_LSHIFT / KEY_RSHIFT / KEY_TAB / KEY_CAPSLOCK / KEY_SPACE / KEY_MINUS / KEY_EQUALS / KEY_BACKSPACE / KEY_INSERT / KEY_HOME / KEY_DELETE / KEY_END / KEY_PAGEUP / KEY_PAGEDOWN / KEY_PRINT / KEY_SCROLLOCK / KEY_PAUSE / KEY_PERIOD / KEY_SLASH / KEY_SEMICOLON / KEY_LEFTBRACKET / KEY_RIGHTBRACKET / KEY_BACKSLASH / KEY_UP / KEY_DOWN / KEY_LEFT / KEY_RIGHT / false,"[{""description"": ""A"", ""data"": ""KEY_A""}, {""description"": ""B"", ""data"": ""KEY_B""}, {""description"": ""C"", ""data"": ""KEY_C""}, {""description"": ""D"", ""data"": ""KEY_D""}, {""description"": ""E"", ""data"": ""KEY_E""}, {""description"": ""F"", ""data"": ""KEY_F""}, {""description"": ""G"", ""data"": ""KEY_G""}, {""description"": ""H"", ""data"": ""KEY_H""}, {""description"": ""I"", ""data"": ""KEY_I""}, {""description"": ""J"", ""data"": ""KEY_J""}, {""description"": ""K"", ""data"": ""KEY_K""}, {""description"": ""L"", ""data"": ""KEY_L""}, {""description"": ""M"", ""data"": ""KEY_M""}, {""description"": ""N"", ""data"": ""KEY_N""}, {""description"": ""O"", ""data"": ""KEY_O""}, {""description"": ""P"", ""data"": ""KEY_P""}, {""description"": ""Q"", ""data"": ""KEY_Q""}, {""description"": ""R"", ""data"": ""KEY_R""}, {""description"": ""S"", ""data"": ""KEY_S""}, {""description"": ""T"", ""data"": ""KEY_T""}, {""description"": ""U"", ""data"": ""KEY_U""}, {""description"": ""V"", ""data"": ""KEY_V""}, {""description"": ""W"", ""data"": ""KEY_W""}, {""description"": ""X"", ""data"": ""KEY_X""}, {""description"": ""Y"", ""data"": ""KEY_Y""}, {""description"": ""Z"", ""data"": ""KEY_Z""}, {""description"": ""F1"", ""data"": ""KEY_F1""}, {""description"": ""F2"", ""data"": ""KEY_F2""}, {""description"": ""F3"", ""data"": ""KEY_F3""}, {""description"": ""F4"", ""data"": ""KEY_F4""}, {""description"": ""F5"", ""data"": ""KEY_F5""}, {""description"": ""F6"", ""data"": ""KEY_F6""}, {""description"": ""F7"", ""data"": ""KEY_F7""}, {""description"": ""F8"", ""data"": ""KEY_F8""}, {""description"": ""F9"", ""data"": ""KEY_F9""}, {""description"": ""F10"", ""data"": ""KEY_F10""}, {""description"": ""F11"", ""data"": ""KEY_F11""}, {""description"": ""F12"", ""data"": ""KEY_F12""}, {""description"": ""LAlt"", ""data"": ""KEY_LALT""}, {""description"": ""RAlt"", ""data"": ""KEY_RALT""}, {""description"": ""LCtrl"", ""data"": ""KEY_LCTRL""}, {""description"": ""RCtrl"", ""data"": ""KEY_RCTRL""}, {""description"": ""LShift"", ""data"": ""KEY_LSHIFT""}, {""description"": ""RShift"", ""data"": ""KEY_RSHIFT""}, {""description"": ""Tab"", ""data"": ""KEY_TAB""}, {""description"": ""Capslock"", ""data"": ""KEY_CAPSLOCK""}, {""description"": ""Space"", ""data"": ""KEY_SPACE""}, {""description"": ""Minus"", ""data"": ""KEY_MINUS""}, {""description"": ""Equals"", ""data"": ""KEY_EQUALS""}, {""description"": ""Backspace"", ""data"": ""KEY_BACKSPACE""}, {""description"": ""Insert"", ""data"": ""KEY_INSERT""}, {""description"": ""Home"", ""data"": ""KEY_HOME""}, {""description"": ""Delete"", ""data"": ""KEY_DELETE""}, {""description"": ""End"", ""data"": ""KEY_END""}, {""description"": ""Pageup"", ""data"": ""KEY_PAGEUP""}, {""description"": ""Pagedown"", ""data"": ""KEY_PAGEDOWN""}, {""description"": ""Print"", ""data"": ""KEY_PRINT""}, {""description"": ""Scrollock"", ""data"": ""KEY_SCROLLOCK""}, {""description"": ""Pause"", ""data"": ""KEY_PAUSE""}, {""description"": ""Period"", ""data"": ""KEY_PERIOD""}, {""description"": ""Slash"", ""data"": ""KEY_SLASH""}, {""description"": ""Semicolon"", ""data"": ""KEY_SEMICOLON""}, {""description"": ""Leftbracket"", ""data"": ""KEY_LEFTBRACKET""}, {""description"": ""Rightbracket"", ""data"": ""KEY_RIGHTBRACKET""}, {""description"": ""Backslash"", ""data"": ""KEY_BACKSLASH""}, {""description"": ""Up"", ""data"": ""KEY_UP""}, {""description"": ""Down"", ""data"": ""KEY_DOWN""}, {""description"": ""Left"", ""data"": ""KEY_LEFT""}, {""description"": ""Right"", ""data"": ""KEY_RIGHT""}, {""description"": ""Disabled"", ""data"": false}]",—,—,客户端,✅,❌,支持 Shift 点配方重复制作，没有上次配方快捷键。,应补常用快捷操作,/home/ubuntu/Steam/steamapps/workshop/content/322330/2873533916/modinfo.lua,[last_recipe_key](/home/ubuntu/Steam/steamapps/workshop/content/322330/2873533916/modinfo.lua:115)
ActionQueue RB3,tooth_trap_spacing,狗牙陷阱间距,2,1 / 1.5 / 2 / 2.5 / 3 / 3.5 / 4,"[{""description"": ""1"", ""data"": 1}, {""description"": ""1.5"", ""data"": 1.5}, {""description"": ""2"", ""data"": 2}, {""description"": ""2.5"", ""data"": 2.5}, {""description"": ""3"", ""data"": 3}, {""description"": ""3.5"", ""data"": 3.5}, {""description"": ""4"", ""data"": 4}]",—,—,客户端,✅,❌,仅有有限区域布点和固定蛇形，无独立网格层、陷阱间距、强制网格或双蛇形配置。,网格/间距按需；双蛇形可暂缓,/home/ubuntu/Steam/steamapps/workshop/content/322330/2873533916/modinfo.lua,[tooth_trap_spacing](/home/ubuntu/Steam/steamapps/workshop/content/322330/2873533916/modinfo.lua:116)
ActionQueue RB3,farm_grid,耕地网格,3x3,2x2 / 3x3 / 4x4,"[{""description"": ""2x2"", ""data"": ""2x2""}, {""description"": ""3x3"", ""data"": ""3x3""}, {""description"": ""4x4"", ""data"": ""4x4""}]",—,—,客户端,✅,✅,queue_farm_grid / 个人 queue.farm_grid：2/3/4。,保留,/home/ubuntu/Steam/steamapps/workshop/content/322330/2873533916/modinfo.lua,[farm_grid](/home/ubuntu/Steam/steamapps/workshop/content/322330/2873533916/modinfo.lua:117)
ActionQueue RB3,double_snake,Z形种植,false,true / false,"[{""description"": ""Yes"", ""data"": true}, {""description"": ""No"", ""data"": false}]",—,—,客户端,✅,❌,仅有有限区域布点和固定蛇形，无独立网格层、陷阱间距、强制网格或双蛇形配置。,网格/间距按需；双蛇形可暂缓,/home/ubuntu/Steam/steamapps/workshop/content/322330/2873533916/modinfo.lua,[double_snake](/home/ubuntu/Steam/steamapps/workshop/content/322330/2873533916/modinfo.lua:118)
ActionQueue RB3,qaaq,排队论加强兼容,false,true / false,"[{""description"": ""Yes"", ""data"": true}, {""description"": ""No"", ""data"": false}]",—,—,客户端,✅,❌,按 ID 关闭重叠队列，无 QAAQ 联合运行模式。,暂缓到具体兼容需求,/home/ubuntu/Steam/steamapps/workshop/content/322330/2873533916/modinfo.lua,[qaaq](/home/ubuntu/Steam/steamapps/workshop/content/322330/2873533916/modinfo.lua:119)
ActionQueue RB3,debug_mode,启用调试,false,true / false,"[{""description"": ""Yes"", ""data"": true}, {""description"": ""No"", ""data"": false}]",—,—,客户端,✅,❌,diagnostics 仅信息读取诊断，未实现 RB3 队列详细调试。,开发需要时补,/home/ubuntu/Steam/steamapps/workshop/content/322330/2873533916/modinfo.lua,[debug_mode](/home/ubuntu/Steam/steamapps/workshop/content/322330/2873533916/modinfo.lua:120)
智能小木牌,Icebox,Icebox/冰箱,false,false / true,"[{""description"": ""No(关闭)"", ""data"": false}, {""description"": ""Yes(打开)"", ""data"": true}]",—,—,服主,✅,✅,对应独立容器开关；龙鳞箱 Wildwise 默认 true，参考 false。,保留,/home/ubuntu/Steam/steamapps/workshop/content/322330/1595631294/modinfo.lua,[Icebox](/home/ubuntu/Steam/steamapps/workshop/content/322330/1595631294/modinfo.lua:30)
智能小木牌,ChangeSkin,ChangeSkin/皮肤,true,true / false,"[{""description"": ""Yes(是)"", ""data"": true}, {""description"": ""No(否)"", ""data"": false}]",—,—,服主,✅,❌,参考控制小木牌本体换肤，不是内容物皮肤图标；Wildwise 没有本体换肤入口。,按需,/home/ubuntu/Steam/steamapps/workshop/content/322330/1595631294/modinfo.lua,[ChangeSkin](/home/ubuntu/Steam/steamapps/workshop/content/322330/1595631294/modinfo.lua:41)
智能小木牌,DragonflyChest,DragonflyChest/龙鳞箱,false,false / true,"[{""description"": ""No(关闭)"", ""data"": false}, {""description"": ""Yes(打开)"", ""data"": true}]",—,—,服主,✅,✅,对应独立容器开关；龙鳞箱 Wildwise 默认 true，参考 false。,保留,/home/ubuntu/Steam/steamapps/workshop/content/322330/1595631294/modinfo.lua,[DragonflyChest](/home/ubuntu/Steam/steamapps/workshop/content/322330/1595631294/modinfo.lua:52)
智能小木牌,SaltBox,SaltBox/盐盒,false,false / true,"[{""description"": ""No(关闭)"", ""data"": false}, {""description"": ""Yes(打开)"", ""data"": true}]",—,—,服主,✅,✅,对应独立容器开关；龙鳞箱 Wildwise 默认 true，参考 false。,保留,/home/ubuntu/Steam/steamapps/workshop/content/322330/1595631294/modinfo.lua,[SaltBox](/home/ubuntu/Steam/steamapps/workshop/content/322330/1595631294/modinfo.lua:63)
智能小木牌,BundleItems,BundleItems/包裹,false,false / true,"[{""description"": ""No(关闭)"", ""data"": false}, {""description"": ""Yes(打开)"", ""data"": true}]",—,—,服主,✅,❌,包裹首件显示固定开启；不能改为包裹图标。,应补，支持包裹隐私/视觉选择,/home/ubuntu/Steam/steamapps/workshop/content/322330/1595631294/modinfo.lua,[BundleItems](/home/ubuntu/Steam/steamapps/workshop/content/322330/1595631294/modinfo.lua:74)
智能小木牌,Digornot,CanbeDug/挖起,false,false / true,"[{""description"": ""No(关闭)"", ""data"": false}, {""description"": ""Yes(打开)"", ""data"": true}]",—,—,服主,✅,❌,辅助牌固定不可点击/挖除，无逐箱永久移除。,可改为个人/逐箱隐藏，挖掘玩法可忽略,/home/ubuntu/Steam/steamapps/workshop/content/322330/1595631294/modinfo.lua,[Digornot](/home/ubuntu/Steam/steamapps/workshop/content/322330/1595631294/modinfo.lua:85)
智能小木牌,OnlyPlayer,OnlyPlayer/仅玩家,false,false / true,"[{""description"": ""Yes(仅限玩家)"", ""data"": false}, {""description"": ""No(所有破坏)"", ""data"": true}]",—,—,服主,✅,❌,辅助牌固定不可点击/挖除，无逐箱永久移除。,可改为个人/逐箱隐藏，挖掘玩法可忽略,/home/ubuntu/Steam/steamapps/workshop/content/322330/1595631294/modinfo.lua,[OnlyPlayer](/home/ubuntu/Steam/steamapps/workshop/content/322330/1595631294/modinfo.lua:95)
Beefalo Status Bar,ShowByDefault,Show Automatically,true,true / false,"[{""hover"": ""Default"", ""description"": ""Enabled"", ""data"": true}, {""description"": ""Disabled"", ""data"": false}]",—,—,服主；显示项可能允许客户端覆盖,✅,✅,个人 beefalo.visible，可保存；B 临时切换本身不立即调用 save_settings。,保留并明确临时/持久语义,/home/ubuntu/Steam/steamapps/workshop/content/322330/2477889104/modinfo.lua,[ShowByDefault](/home/ubuntu/Steam/steamapps/workshop/content/322330/2477889104/modinfo.lua:113)
Beefalo Status Bar,ToggleKey,Toggle Key,KEY_T,false / KEY_A / KEY_B / KEY_C / KEY_D / KEY_E / KEY_F / KEY_G / KEY_H / KEY_I / KEY_J / KEY_K / KEY_L / KEY_M / KEY_N / KEY_O / KEY_P / KEY_Q / KEY_R / KEY_S / KEY_T / KEY_U / KEY_V / KEY_W / KEY_X / KEY_Y / KEY_Z / KEY_1 / KEY_2 / KEY_3 / KEY_4 / KEY_5 / KEY_6 / KEY_7 / KEY_8 / KEY_9 / KEY_0 / KEY_F1 / KEY_F2 / KEY_F3 / KEY_F4 / KEY_F5 / KEY_F6 / KEY_F7 / KEY_F8 / KEY_F9 / KEY_F10 / KEY_F11 / KEY_F12 / KEY_MINUS / KEY_EQUALS / KEY_BACKSPACE / KEY_LEFTBRACKET / KEY_RIGHTBRACKET / KEY_BACKSLASH / KEY_SEMICOLON / KEY_ENTER / KEY_PERIOD / KEY_SLASH / KEY_LEFT / KEY_RIGHT / KEY_UP / KEY_DOWN / KEY_INSERT / KEY_DELETE / KEY_HOME / KEY_END / KEY_PAGEUP / KEY_PAGEDOWN / KEY_PRINT / KEY_SCROLLOCK / KEY_PAUSE / KEY_ESCAPE / KEY_TILDE / KEY_TAB / KEY_CAPSLOCK / KEY_SHIFT / KEY_LSHIFT / KEY_RSHIFT / KEY_CTRL / KEY_LCTRL / KEY_RCTRL / KEY_ALT / KEY_LALT / KEY_RALT / KEY_SPACE / KEY_KP_1 / KEY_KP_2 / KEY_KP_3 / KEY_KP_4 / KEY_KP_5 / KEY_KP_6 / KEY_KP_7 / KEY_KP_8 / KEY_KP_9 / KEY_KP_0 / KEY_KP_DIVIDE / KEY_KP_MULTIPLY / KEY_KP_MINUS / KEY_KP_PLUS / KEY_KP_ENTER / KEY_KP_PERIOD / KEY_KP_EQUALS,"[{""hover"": ""Toggling will be disabled."", ""description"": ""Disabled"", ""data"": false}, {""description"": ""A"", ""data"": ""KEY_A""}, {""description"": ""B"", ""data"": ""KEY_B""}, {""description"": ""C"", ""data"": ""KEY_C""}, {""description"": ""D"", ""data"": ""KEY_D""}, {""description"": ""E"", ""data"": ""KEY_E""}, {""description"": ""F"", ""data"": ""KEY_F""}, {""description"": ""G"", ""data"": ""KEY_G""}, {""description"": ""H"", ""data"": ""KEY_H""}, {""description"": ""I"", ""data"": ""KEY_I""}, {""description"": ""J"", ""data"": ""KEY_J""}, {""description"": ""K"", ""data"": ""KEY_K""}, {""description"": ""L"", ""data"": ""KEY_L""}, {""description"": ""M"", ""data"": ""KEY_M""}, {""description"": ""N"", ""data"": ""KEY_N""}, {""description"": ""O"", ""data"": ""KEY_O""}, {""description"": ""P"", ""data"": ""KEY_P""}, {""description"": ""Q"", ""data"": ""KEY_Q""}, {""description"": ""R"", ""data"": ""KEY_R""}, {""description"": ""S"", ""data"": ""KEY_S""}, {""hover"": ""Default"", ""description"": ""T"", ""data"": ""KEY_T""}, {""description"": ""U"", ""data"": ""KEY_U""}, {""description"": ""V"", ""data"": ""KEY_V""}, {""description"": ""W"", ""data"": ""KEY_W""}, {""description"": ""X"", ""data"": ""KEY_X""}, {""description"": ""Y"", ""data"": ""KEY_Y""}, {""description"": ""Z"", ""data"": ""KEY_Z""}, {""description"": ""1"", ""data"": ""KEY_1""}, {""description"": ""2"", ""data"": ""KEY_2""}, {""description"": ""3"", ""data"": ""KEY_3""}, {""description"": ""4"", ""data"": ""KEY_4""}, {""description"": ""5"", ""data"": ""KEY_5""}, {""description"": ""6"", ""data"": ""KEY_6""}, {""description"": ""7"", ""data"": ""KEY_7""}, {""description"": ""8"", ""data"": ""KEY_8""}, {""description"": ""9"", ""data"": ""KEY_9""}, {""description"": ""0"", ""data"": ""KEY_0""}, {""description"": ""F1"", ""data"": ""KEY_F1""}, {""description"": ""F2"", ""data"": ""KEY_F2""}, {""description"": ""F3"", ""data"": ""KEY_F3""}, {""description"": ""F4"", ""data"": ""KEY_F4""}, {""description"": ""F5"", ""data"": ""KEY_F5""}, {""description"": ""F6"", ""data"": ""KEY_F6""}, {""description"": ""F7"", ""data"": ""KEY_F7""}, {""description"": ""F8"", ""data"": ""KEY_F8""}, {""description"": ""F9"", ""data"": ""KEY_F9""}, {""description"": ""F10"", ""data"": ""KEY_F10""}, {""description"": ""F11"", ""data"": ""KEY_F11""}, {""description"": ""F12"", ""data"": ""KEY_F12""}, {""description"": ""Minus"", ""data"": ""KEY_MINUS""}, {""description"": ""Equals"", ""data"": ""KEY_EQUALS""}, {""description"": ""Backspace"", ""data"": ""KEY_BACKSPACE""}, {""description"": ""Leftbracket"", ""data"": ""KEY_LEFTBRACKET""}, {""description"": ""Rightbracket"", ""data"": ""KEY_RIGHTBRACKET""}, {""description"": ""Backslash"", ""data"": ""KEY_BACKSLASH""}, {""description"": ""Semicolon"", ""data"": ""KEY_SEMICOLON""}, {""description"": ""Enter"", ""data"": ""KEY_ENTER""}, {""description"": ""Period"", ""data"": ""KEY_PERIOD""}, {""description"": ""Slash"", ""data"": ""KEY_SLASH""}, {""description"": ""Left"", ""data"": ""KEY_LEFT""}, {""description"": ""Right"", ""data"": ""KEY_RIGHT""}, {""description"": ""Up"", ""data"": ""KEY_UP""}, {""description"": ""Down"", ""data"": ""KEY_DOWN""}, {""description"": ""Insert"", ""data"": ""KEY_INSERT""}, {""description"": ""Delete"", ""data"": ""KEY_DELETE""}, {""description"": ""Home"", ""data"": ""KEY_HOME""}, {""description"": ""End"", ""data"": ""KEY_END""}, {""description"": ""Pageup"", ""data"": ""KEY_PAGEUP""}, {""description"": ""Pagedown"", ""data"": ""KEY_PAGEDOWN""}, {""description"": ""Print"", ""data"": ""KEY_PRINT""}, {""description"": ""Scrollock"", ""data"": ""KEY_SCROLLOCK""}, {""description"": ""Pause"", ""data"": ""KEY_PAUSE""}, {""description"": ""Escape"", ""data"": ""KEY_ESCAPE""}, {""description"": ""Tilde"", ""data"": ""KEY_TILDE""}, {""description"": ""Tab"", ""data"": ""KEY_TAB""}, {""description"": ""Capslock"", ""data"": ""KEY_CAPSLOCK""}, {""description"": ""Shift"", ""data"": ""KEY_SHIFT""}, {""description"": ""LShift"", ""data"": ""KEY_LSHIFT""}, {""description"": ""RShift"", ""data"": ""KEY_RSHIFT""}, {""description"": ""Ctrl"", ""data"": ""KEY_CTRL""}, {""description"": ""LCtrl"", ""data"": ""KEY_LCTRL""}, {""description"": ""RCtrl"", ""data"": ""KEY_RCTRL""}, {""description"": ""Alt"", ""data"": ""KEY_ALT""}, {""description"": ""LAlt"", ""data"": ""KEY_LALT""}, {""description"": ""RAlt"", ""data"": ""KEY_RALT""}, {""description"": ""Space"", ""data"": ""KEY_SPACE""}, {""description"": ""KP_1"", ""data"": ""KEY_KP_1""}, {""description"": ""KP_2"", ""data"": ""KEY_KP_2""}, {""description"": ""KP_3"", ""data"": ""KEY_KP_3""}, {""description"": ""KP_4"", ""data"": ""KEY_KP_4""}, {""description"": ""KP_5"", ""data"": ""KEY_KP_5""}, {""description"": ""KP_6"", ""data"": ""KEY_KP_6""}, {""description"": ""KP_7"", ""data"": ""KEY_KP_7""}, {""description"": ""KP_8"", ""data"": ""KEY_KP_8""}, {""description"": ""KP_9"", ""data"": ""KEY_KP_9""}, {""description"": ""KP_0"", ""data"": ""KEY_KP_0""}, {""description"": ""KP_Divide"", ""data"": ""KEY_KP_DIVIDE""}, {""description"": ""KP_Multiply"", ""data"": ""KEY_KP_MULTIPLY""}, {""description"": ""KP_Minus"", ""data"": ""KEY_KP_MINUS""}, {""description"": ""KP_Plus"", ""data"": ""KEY_KP_PLUS""}, {""description"": ""KP_Enter"", ""data"": ""KEY_KP_ENTER""}, {""description"": ""KP_Period"", ""data"": ""KEY_KP_PERIOD""}, {""description"": ""KP_Equals"", ""data"": ""KEY_KP_EQUALS""}]",—,—,服主；显示项可能允许客户端覆盖,✅,✅,个人 beefalo.toggle_key 默认 B；参考默认 T，可选禁用。,保留；禁用热键入口可补,/home/ubuntu/Steam/steamapps/workshop/content/322330/2477889104/modinfo.lua,[ToggleKey](/home/ubuntu/Steam/steamapps/workshop/content/322330/2477889104/modinfo.lua:123)
Beefalo Status Bar,EnableSounds,Sounds,false,false / true,"[{""hover"": ""Default"", ""description"": ""Disabled"", ""data"": false}, {""description"": ""Enabled"", ""data"": true}]",—,—,服主；显示项可能允许客户端覆盖,✅,❌,当前为文字面板，无徽章主题/声音/分项颜色/背景/间隔配置。,可读性优先，装饰样式按需,/home/ubuntu/Steam/steamapps/workshop/content/322330/2477889104/modinfo.lua,[EnableSounds](/home/ubuntu/Steam/steamapps/workshop/content/322330/2477889104/modinfo.lua:130)
Beefalo Status Bar,ClientConfig,Prefer Client Configuration,false,false / true,"[{""hover"": ""Default"", ""description"": ""Disabled"", ""data"": false}, {""description"": ""Enabled"", ""data"": true}]",true,—,服主；显示项可能允许客户端覆盖,✅,❌,Wildwise 固定服主授权+个人偏好模型，无两份配置来源切换选项。,可忽略该旧模型切换,/home/ubuntu/Steam/steamapps/workshop/content/322330/2477889104/modinfo.lua,[ClientConfig](/home/ubuntu/Steam/steamapps/workshop/content/322330/2477889104/modinfo.lua:140)
Beefalo Status Bar,Theme,Theme,TheForge,TheForge / Default,"[{""hover"": ""Default"", ""description"": ""The Forge"", ""data"": ""TheForge""}, {""hover"": ""Uses the default game theme. Compatible with most HUD reskin mods."", ""description"": ""Default Theme"", ""data"": ""Default""}]",—,—,服主；显示项可能允许客户端覆盖,✅,❌,当前为文字面板，无徽章主题/声音/分项颜色/背景/间隔配置。,可读性优先，装饰样式按需,/home/ubuntu/Steam/steamapps/workshop/content/322330/2477889104/modinfo.lua,[Theme](/home/ubuntu/Steam/steamapps/workshop/content/322330/2477889104/modinfo.lua:157)
Beefalo Status Bar,Scale,Scale,1,0.5 / 0.55 / 0.6 / 0.65 / 0.7 / 0.75 / 0.8 / 0.85 / 0.9 / 0.95 / 1 / 1.05 / 1.1 / 1.15 / 1.2 / 1.25 / 1.3 / 1.35 / 1.4 / 1.45 / 1.5 / 1.55 / 1.6 / 1.65 / 1.7 / 1.75 / 1.8 / 1.85 / 1.9 / 1.95 / 2,"[{""data"": 0.5, ""description"": ""0.5""}, {""data"": 0.55, ""description"": ""0.55""}, {""data"": 0.6, ""description"": ""0.6""}, {""data"": 0.65, ""description"": ""0.65""}, {""data"": 0.7, ""description"": ""0.7""}, {""data"": 0.75, ""description"": ""0.75""}, {""data"": 0.8, ""description"": ""0.8""}, {""data"": 0.85, ""description"": ""0.85""}, {""data"": 0.9, ""description"": ""0.9""}, {""data"": 0.95, ""description"": ""0.95""}, {""hover"": ""Default"", ""data"": 1, ""description"": ""1""}, {""data"": 1.05, ""description"": ""1.05""}, {""data"": 1.1, ""description"": ""1.1""}, {""data"": 1.15, ""description"": ""1.15""}, {""data"": 1.2, ""description"": ""1.2""}, {""data"": 1.25, ""description"": ""1.25""}, {""data"": 1.3, ""description"": ""1.3""}, {""data"": 1.35, ""description"": ""1.35""}, {""data"": 1.4, ""description"": ""1.4""}, {""data"": 1.45, ""description"": ""1.45""}, {""data"": 1.5, ""description"": ""1.5""}, {""data"": 1.55, ""description"": ""1.55""}, {""data"": 1.6, ""description"": ""1.6""}, {""data"": 1.65, ""description"": ""1.65""}, {""data"": 1.7, ""description"": ""1.7""}, {""data"": 1.75, ""description"": ""1.75""}, {""data"": 1.8, ""description"": ""1.8""}, {""data"": 1.85, ""description"": ""1.85""}, {""data"": 1.9, ""description"": ""1.9""}, {""data"": 1.95, ""description"": ""1.95""}, {""data"": 2, ""description"": ""2""}]",—,—,服主；显示项可能允许客户端覆盖,✅,❌,只有全 HUD ui_scale，无牛栏独立缩放。,应补,/home/ubuntu/Steam/steamapps/workshop/content/322330/2477889104/modinfo.lua,[Scale](/home/ubuntu/Steam/steamapps/workshop/content/322330/2477889104/modinfo.lua:167)
Beefalo Status Bar,HungerThreshold,Hunger Badge Threshold,15,false / 5 / 10 / 15 / 20 / 25 / 30 / 35 / 40 / 45 / 50 / 55 / 60 / 65 / 70 / 75 / 80 / 85 / 90 / 95 / 100 / 105 / 110 / 115 / 120 / 125 / 130 / 135 / 140 / 145 / 150 / 155 / 160 / 165 / 170 / 175 / 180 / 185 / 190 / 195 / 200 / 205 / 210 / 215 / 220 / 225 / 230 / 235 / 240 / 245 / 250 / 255 / 260 / 265 / 270 / 275 / 280 / 285 / 290 / 295 / 300 / 305 / 310 / 315 / 320 / 325 / 330 / 335 / 340 / 345 / 350 / 355 / 360 / 365 / 370 / 375,"[{""data"": false, ""description"": ""Never Show""}, {""data"": 5, ""description"": ""5""}, {""data"": 10, ""description"": ""10""}, {""hover"": ""Default"", ""data"": 15, ""description"": ""15""}, {""data"": 20, ""description"": ""20""}, {""data"": 25, ""description"": ""25""}, {""data"": 30, ""description"": ""30""}, {""data"": 35, ""description"": ""35""}, {""data"": 40, ""description"": ""40""}, {""data"": 45, ""description"": ""45""}, {""data"": 50, ""description"": ""50""}, {""data"": 55, ""description"": ""55""}, {""data"": 60, ""description"": ""60""}, {""data"": 65, ""description"": ""65""}, {""data"": 70, ""description"": ""70""}, {""data"": 75, ""description"": ""75""}, {""data"": 80, ""description"": ""80""}, {""data"": 85, ""description"": ""85""}, {""data"": 90, ""description"": ""90""}, {""data"": 95, ""description"": ""95""}, {""data"": 100, ""description"": ""100""}, {""data"": 105, ""description"": ""105""}, {""data"": 110, ""description"": ""110""}, {""data"": 115, ""description"": ""115""}, {""data"": 120, ""description"": ""120""}, {""data"": 125, ""description"": ""125""}, {""data"": 130, ""description"": ""130""}, {""data"": 135, ""description"": ""135""}, {""data"": 140, ""description"": ""140""}, {""data"": 145, ""description"": ""145""}, {""data"": 150, ""description"": ""150""}, {""data"": 155, ""description"": ""155""}, {""data"": 160, ""description"": ""160""}, {""data"": 165, ""description"": ""165""}, {""data"": 170, ""description"": ""170""}, {""data"": 175, ""description"": ""175""}, {""data"": 180, ""description"": ""180""}, {""data"": 185, ""description"": ""185""}, {""data"": 190, ""description"": ""190""}, {""data"": 195, ""description"": ""195""}, {""data"": 200, ""description"": ""200""}, {""data"": 205, ""description"": ""205""}, {""data"": 210, ""description"": ""210""}, {""data"": 215, ""description"": ""215""}, {""data"": 220, ""description"": ""220""}, {""data"": 225, ""description"": ""225""}, {""data"": 230, ""description"": ""230""}, {""data"": 235, ""description"": ""235""}, {""data"": 240, ""description"": ""240""}, {""data"": 245, ""description"": ""245""}, {""data"": 250, ""description"": ""250""}, {""data"": 255, ""description"": ""255""}, {""data"": 260, ""description"": ""260""}, {""data"": 265, ""description"": ""265""}, {""data"": 270, ""description"": ""270""}, {""data"": 275, ""description"": ""275""}, {""data"": 280, ""description"": ""280""}, {""data"": 285, ""description"": ""285""}, {""data"": 290, ""description"": ""290""}, {""data"": 295, ""description"": ""295""}, {""data"": 300, ""description"": ""300""}, {""data"": 305, ""description"": ""305""}, {""data"": 310, ""description"": ""310""}, {""data"": 315, ""description"": ""315""}, {""data"": 320, ""description"": ""320""}, {""data"": 325, ""description"": ""325""}, {""data"": 330, ""description"": ""330""}, {""data"": 335, ""description"": ""335""}, {""data"": 340, ""description"": ""340""}, {""data"": 345, ""description"": ""345""}, {""data"": 350, ""description"": ""350""}, {""data"": 355, ""description"": ""355""}, {""data"": 360, ""description"": ""360""}, {""data"": 365, ""description"": ""365""}, {""data"": 370, ""description"": ""370""}, {""data"": 375, ""description"": ""375""}]",—,—,服主；显示项可能允许客户端覆盖,✅,✅,服务器/个人阈值 0/5/15/25；无参考 false 或 30～375 等范围。,应补独立关闭饥饿字段,/home/ubuntu/Steam/steamapps/workshop/content/322330/2477889104/modinfo.lua,[HungerThreshold](/home/ubuntu/Steam/steamapps/workshop/content/322330/2477889104/modinfo.lua:174)
Beefalo Status Bar,HEALTH_BADGE_CLEAR_BG,Health Badge Background,false,false / true,"[{""hover"": ""Default"", ""description"": ""Distinct"", ""data"": false}, {""description"": ""Standard"", ""data"": true}]",—,—,服主；显示项可能允许客户端覆盖,✅,❌,当前为文字面板，无徽章主题/声音/分项颜色/背景/间隔配置。,可读性优先，装饰样式按需,/home/ubuntu/Steam/steamapps/workshop/content/322330/2477889104/modinfo.lua,[HEALTH_BADGE_CLEAR_BG](/home/ubuntu/Steam/steamapps/workshop/content/322330/2477889104/modinfo.lua:181)
Beefalo Status Bar,BADGE_BG_BRIGHTNESS,Background Brightness,60,0 / 5 / 10 / 15 / 20 / 25 / 30 / 35 / 40 / 45 / 50 / 55 / 60 / 65 / 70 / 75 / 80 / 85 / 90 / 95 / 100,"[{""data"": 0, ""description"": ""0%""}, {""data"": 5, ""description"": ""5%""}, {""data"": 10, ""description"": ""10%""}, {""data"": 15, ""description"": ""15%""}, {""data"": 20, ""description"": ""20%""}, {""data"": 25, ""description"": ""25%""}, {""data"": 30, ""description"": ""30%""}, {""data"": 35, ""description"": ""35%""}, {""data"": 40, ""description"": ""40%""}, {""data"": 45, ""description"": ""45%""}, {""data"": 50, ""description"": ""50%""}, {""data"": 55, ""description"": ""55%""}, {""hover"": ""Default"", ""data"": 60, ""description"": ""60%""}, {""data"": 65, ""description"": ""65%""}, {""data"": 70, ""description"": ""70%""}, {""data"": 75, ""description"": ""75%""}, {""data"": 80, ""description"": ""80%""}, {""data"": 85, ""description"": ""85%""}, {""data"": 90, ""description"": ""90%""}, {""data"": 95, ""description"": ""95%""}, {""data"": 100, ""description"": ""100%""}]",—,—,服主；显示项可能允许客户端覆盖,✅,❌,当前为文字面板，无徽章主题/声音/分项颜色/背景/间隔配置。,可读性优先，装饰样式按需,/home/ubuntu/Steam/steamapps/workshop/content/322330/2477889104/modinfo.lua,[BADGE_BG_BRIGHTNESS](/home/ubuntu/Steam/steamapps/workshop/content/322330/2477889104/modinfo.lua:191)
Beefalo Status Bar,BADGE_BG_OPACITY,Background Opacity,100,0 / 5 / 10 / 15 / 20 / 25 / 30 / 35 / 40 / 45 / 50 / 55 / 60 / 65 / 70 / 75 / 80 / 85 / 90 / 95 / 100,"[{""data"": 0, ""description"": ""0%""}, {""data"": 5, ""description"": ""5%""}, {""data"": 10, ""description"": ""10%""}, {""data"": 15, ""description"": ""15%""}, {""data"": 20, ""description"": ""20%""}, {""data"": 25, ""description"": ""25%""}, {""data"": 30, ""description"": ""30%""}, {""data"": 35, ""description"": ""35%""}, {""data"": 40, ""description"": ""40%""}, {""data"": 45, ""description"": ""45%""}, {""data"": 50, ""description"": ""50%""}, {""data"": 55, ""description"": ""55%""}, {""data"": 60, ""description"": ""60%""}, {""data"": 65, ""description"": ""65%""}, {""data"": 70, ""description"": ""70%""}, {""data"": 75, ""description"": ""75%""}, {""data"": 80, ""description"": ""80%""}, {""data"": 85, ""description"": ""85%""}, {""data"": 90, ""description"": ""90%""}, {""data"": 95, ""description"": ""95%""}, {""hover"": ""Default"", ""data"": 100, ""description"": ""100%""}]",—,—,服主；显示项可能允许客户端覆盖,✅,❌,当前为文字面板，无徽章主题/声音/分项颜色/背景/间隔配置。,可读性优先，装饰样式按需,/home/ubuntu/Steam/steamapps/workshop/content/322330/2477889104/modinfo.lua,[BADGE_BG_OPACITY](/home/ubuntu/Steam/steamapps/workshop/content/322330/2477889104/modinfo.lua:198)
Beefalo Status Bar,GapModifier,Gap Modifier,0,-15 / -14 / -13 / -12 / -11 / -10 / -9 / -8 / -7 / -6 / -5 / -4 / -3 / -2 / -1 / 0 / 1 / 2 / 3 / 4 / 5 / 6 / 7 / 8 / 9 / 10 / 11 / 12 / 13 / 14 / 15 / 16 / 17 / 18 / 19 / 20 / 21 / 22 / 23 / 24 / 25 / 26 / 27 / 28 / 29 / 30,"[{""data"": -15, ""description"": ""-15""}, {""data"": -14, ""description"": ""-14""}, {""data"": -13, ""description"": ""-13""}, {""data"": -12, ""description"": ""-12""}, {""data"": -11, ""description"": ""-11""}, {""data"": -10, ""description"": ""-10""}, {""data"": -9, ""description"": ""-9""}, {""data"": -8, ""description"": ""-8""}, {""data"": -7, ""description"": ""-7""}, {""data"": -6, ""description"": ""-6""}, {""data"": -5, ""description"": ""-5""}, {""data"": -4, ""description"": ""-4""}, {""data"": -3, ""description"": ""-3""}, {""data"": -2, ""description"": ""-2""}, {""data"": -1, ""description"": ""-1""}, {""hover"": ""Default"", ""data"": 0, ""description"": ""0""}, {""data"": 1, ""description"": ""1""}, {""data"": 2, ""description"": ""2""}, {""data"": 3, ""description"": ""3""}, {""data"": 4, ""description"": ""4""}, {""data"": 5, ""description"": ""5""}, {""data"": 6, ""description"": ""6""}, {""data"": 7, ""description"": ""7""}, {""data"": 8, ""description"": ""8""}, {""data"": 9, ""description"": ""9""}, {""data"": 10, ""description"": ""10""}, {""data"": 11, ""description"": ""11""}, {""data"": 12, ""description"": ""12""}, {""data"": 13, ""description"": ""13""}, {""data"": 14, ""description"": ""14""}, {""data"": 15, ""description"": ""15""}, {""data"": 16, ""description"": ""16""}, {""data"": 17, ""description"": ""17""}, {""data"": 18, ""description"": ""18""}, {""data"": 19, ""description"": ""19""}, {""data"": 20, ""description"": ""20""}, {""data"": 21, ""description"": ""21""}, {""data"": 22, ""description"": ""22""}, {""data"": 23, ""description"": ""23""}, {""data"": 24, ""description"": ""24""}, {""data"": 25, ""description"": ""25""}, {""data"": 26, ""description"": ""26""}, {""data"": 27, ""description"": ""27""}, {""data"": 28, ""description"": ""28""}, {""data"": 29, ""description"": ""29""}, {""data"": 30, ""description"": ""30""}]",—,—,服主；显示项可能允许客户端覆盖,✅,❌,当前为文字面板，无徽章主题/声音/分项颜色/背景/间隔配置。,可读性优先，装饰样式按需,/home/ubuntu/Steam/steamapps/workshop/content/322330/2477889104/modinfo.lua,[GapModifier](/home/ubuntu/Steam/steamapps/workshop/content/322330/2477889104/modinfo.lua:205)
Beefalo Status Bar,COLOR_DOMESTICATION_ORNERY,Domestication (Ornery),ORANGE,ORANGE / ORANGE_ALT / BLUE / BLUE_ALT / PURPLE / PURPLE_ALT / RED / RED_ALT / GREEN / GREEN_ALT / BEIGE / WHITE / YELLOW,"[{""hover"": ""Default"", ""description"": ""Orange"", ""data"": ""ORANGE""}, {""data"": ""ORANGE_ALT"", ""description"": ""Orange Alt""}, {""data"": ""BLUE"", ""description"": ""Blue""}, {""data"": ""BLUE_ALT"", ""description"": ""Blue Alt""}, {""data"": ""PURPLE"", ""description"": ""Purple""}, {""data"": ""PURPLE_ALT"", ""description"": ""Purple Alt""}, {""data"": ""RED"", ""description"": ""Red""}, {""data"": ""RED_ALT"", ""description"": ""Red Alt""}, {""data"": ""GREEN"", ""description"": ""Green""}, {""data"": ""GREEN_ALT"", ""description"": ""Green Alt""}, {""data"": ""BEIGE"", ""description"": ""Beige""}, {""data"": ""WHITE"", ""description"": ""White""}, {""data"": ""YELLOW"", ""description"": ""Yellow""}]",—,—,服主；显示项可能允许客户端覆盖,✅,❌,当前为文字面板，无徽章主题/声音/分项颜色/背景/间隔配置。,可读性优先，装饰样式按需,/home/ubuntu/Steam/steamapps/workshop/content/322330/2477889104/modinfo.lua,[COLOR_DOMESTICATION_ORNERY](/home/ubuntu/Steam/steamapps/workshop/content/322330/2477889104/modinfo.lua:218)
Beefalo Status Bar,COLOR_DOMESTICATION_RIDER,Domestication (Rider),BLUE,ORANGE / ORANGE_ALT / BLUE / BLUE_ALT / PURPLE / PURPLE_ALT / RED / RED_ALT / GREEN / GREEN_ALT / BEIGE / WHITE / YELLOW,"[{""data"": ""ORANGE"", ""description"": ""Orange""}, {""data"": ""ORANGE_ALT"", ""description"": ""Orange Alt""}, {""hover"": ""Default"", ""description"": ""Blue"", ""data"": ""BLUE""}, {""data"": ""BLUE_ALT"", ""description"": ""Blue Alt""}, {""data"": ""PURPLE"", ""description"": ""Purple""}, {""data"": ""PURPLE_ALT"", ""description"": ""Purple Alt""}, {""data"": ""RED"", ""description"": ""Red""}, {""data"": ""RED_ALT"", ""description"": ""Red Alt""}, {""data"": ""GREEN"", ""description"": ""Green""}, {""data"": ""GREEN_ALT"", ""description"": ""Green Alt""}, {""data"": ""BEIGE"", ""description"": ""Beige""}, {""data"": ""WHITE"", ""description"": ""White""}, {""data"": ""YELLOW"", ""description"": ""Yellow""}]",—,—,服主；显示项可能允许客户端覆盖,✅,❌,当前为文字面板，无徽章主题/声音/分项颜色/背景/间隔配置。,可读性优先，装饰样式按需,/home/ubuntu/Steam/steamapps/workshop/content/322330/2477889104/modinfo.lua,[COLOR_DOMESTICATION_RIDER](/home/ubuntu/Steam/steamapps/workshop/content/322330/2477889104/modinfo.lua:225)
Beefalo Status Bar,COLOR_DOMESTICATION_PUDGY,Domestication (Pudgy),PURPLE,ORANGE / ORANGE_ALT / BLUE / BLUE_ALT / PURPLE / PURPLE_ALT / RED / RED_ALT / GREEN / GREEN_ALT / BEIGE / WHITE / YELLOW,"[{""data"": ""ORANGE"", ""description"": ""Orange""}, {""data"": ""ORANGE_ALT"", ""description"": ""Orange Alt""}, {""data"": ""BLUE"", ""description"": ""Blue""}, {""data"": ""BLUE_ALT"", ""description"": ""Blue Alt""}, {""hover"": ""Default"", ""description"": ""Purple"", ""data"": ""PURPLE""}, {""data"": ""PURPLE_ALT"", ""description"": ""Purple Alt""}, {""data"": ""RED"", ""description"": ""Red""}, {""data"": ""RED_ALT"", ""description"": ""Red Alt""}, {""data"": ""GREEN"", ""description"": ""Green""}, {""data"": ""GREEN_ALT"", ""description"": ""Green Alt""}, {""data"": ""BEIGE"", ""description"": ""Beige""}, {""data"": ""WHITE"", ""description"": ""White""}, {""data"": ""YELLOW"", ""description"": ""Yellow""}]",—,—,服主；显示项可能允许客户端覆盖,✅,❌,当前为文字面板，无徽章主题/声音/分项颜色/背景/间隔配置。,可读性优先，装饰样式按需,/home/ubuntu/Steam/steamapps/workshop/content/322330/2477889104/modinfo.lua,[COLOR_DOMESTICATION_PUDGY](/home/ubuntu/Steam/steamapps/workshop/content/322330/2477889104/modinfo.lua:232)
Beefalo Status Bar,COLOR_DOMESTICATION_DEFAULT,Domestication (Default),BEIGE,ORANGE / ORANGE_ALT / BLUE / BLUE_ALT / PURPLE / PURPLE_ALT / RED / RED_ALT / GREEN / GREEN_ALT / BEIGE / WHITE / YELLOW,"[{""data"": ""ORANGE"", ""description"": ""Orange""}, {""data"": ""ORANGE_ALT"", ""description"": ""Orange Alt""}, {""data"": ""BLUE"", ""description"": ""Blue""}, {""data"": ""BLUE_ALT"", ""description"": ""Blue Alt""}, {""data"": ""PURPLE"", ""description"": ""Purple""}, {""data"": ""PURPLE_ALT"", ""description"": ""Purple Alt""}, {""data"": ""RED"", ""description"": ""Red""}, {""data"": ""RED_ALT"", ""description"": ""Red Alt""}, {""data"": ""GREEN"", ""description"": ""Green""}, {""data"": ""GREEN_ALT"", ""description"": ""Green Alt""}, {""hover"": ""Default"", ""description"": ""Beige"", ""data"": ""BEIGE""}, {""data"": ""WHITE"", ""description"": ""White""}, {""data"": ""YELLOW"", ""description"": ""Yellow""}]",—,—,服主；显示项可能允许客户端覆盖,✅,❌,当前为文字面板，无徽章主题/声音/分项颜色/背景/间隔配置。,可读性优先，装饰样式按需,/home/ubuntu/Steam/steamapps/workshop/content/322330/2477889104/modinfo.lua,[COLOR_DOMESTICATION_DEFAULT](/home/ubuntu/Steam/steamapps/workshop/content/322330/2477889104/modinfo.lua:239)
Beefalo Status Bar,COLOR_OBEDIENCE,Obedience,RED,ORANGE / ORANGE_ALT / BLUE / BLUE_ALT / PURPLE / PURPLE_ALT / RED / RED_ALT / GREEN / GREEN_ALT / BEIGE / WHITE / YELLOW,"[{""data"": ""ORANGE"", ""description"": ""Orange""}, {""data"": ""ORANGE_ALT"", ""description"": ""Orange Alt""}, {""data"": ""BLUE"", ""description"": ""Blue""}, {""data"": ""BLUE_ALT"", ""description"": ""Blue Alt""}, {""data"": ""PURPLE"", ""description"": ""Purple""}, {""data"": ""PURPLE_ALT"", ""description"": ""Purple Alt""}, {""hover"": ""Default"", ""description"": ""Red"", ""data"": ""RED""}, {""data"": ""RED_ALT"", ""description"": ""Red Alt""}, {""data"": ""GREEN"", ""description"": ""Green""}, {""data"": ""GREEN_ALT"", ""description"": ""Green Alt""}, {""data"": ""BEIGE"", ""description"": ""Beige""}, {""data"": ""WHITE"", ""description"": ""White""}, {""data"": ""YELLOW"", ""description"": ""Yellow""}]",—,—,服主；显示项可能允许客户端覆盖,✅,❌,当前为文字面板，无徽章主题/声音/分项颜色/背景/间隔配置。,可读性优先，装饰样式按需,/home/ubuntu/Steam/steamapps/workshop/content/322330/2477889104/modinfo.lua,[COLOR_OBEDIENCE](/home/ubuntu/Steam/steamapps/workshop/content/322330/2477889104/modinfo.lua:246)
Beefalo Status Bar,COLOR_TIMER,Ride Timer,GREEN,ORANGE / ORANGE_ALT / BLUE / BLUE_ALT / PURPLE / PURPLE_ALT / RED / RED_ALT / GREEN / GREEN_ALT / BEIGE / WHITE / YELLOW,"[{""data"": ""ORANGE"", ""description"": ""Orange""}, {""data"": ""ORANGE_ALT"", ""description"": ""Orange Alt""}, {""data"": ""BLUE"", ""description"": ""Blue""}, {""data"": ""BLUE_ALT"", ""description"": ""Blue Alt""}, {""data"": ""PURPLE"", ""description"": ""Purple""}, {""data"": ""PURPLE_ALT"", ""description"": ""Purple Alt""}, {""data"": ""RED"", ""description"": ""Red""}, {""data"": ""RED_ALT"", ""description"": ""Red Alt""}, {""hover"": ""Default"", ""description"": ""Green"", ""data"": ""GREEN""}, {""data"": ""GREEN_ALT"", ""description"": ""Green Alt""}, {""data"": ""BEIGE"", ""description"": ""Beige""}, {""data"": ""WHITE"", ""description"": ""White""}, {""data"": ""YELLOW"", ""description"": ""Yellow""}]",—,—,服主；显示项可能允许客户端覆盖,✅,❌,当前为文字面板，无徽章主题/声音/分项颜色/背景/间隔配置。,可读性优先，装饰样式按需,/home/ubuntu/Steam/steamapps/workshop/content/322330/2477889104/modinfo.lua,[COLOR_TIMER](/home/ubuntu/Steam/steamapps/workshop/content/322330/2477889104/modinfo.lua:253)
Beefalo Status Bar,OffsetX,X Offset (Horizontal),0,-200 / -195 / -190 / -185 / -180 / -175 / -170 / -165 / -160 / -155 / -150 / -145 / -140 / -135 / -130 / -125 / -120 / -115 / -110 / -105 / -100 / -95 / -90 / -85 / -80 / -75 / -70 / -65 / -60 / -55 / -50 / -45 / -40 / -35 / -30 / -25 / -20 / -15 / -10 / -5 / 0 / 5 / 10 / 15 / 20 / 25 / 30 / 35 / 40 / 45 / 50 / 55 / 60 / 65 / 70 / 75 / 80 / 85 / 90 / 95 / 100 / 105 / 110 / 115 / 120 / 125 / 130 / 135 / 140 / 145 / 150 / 155 / 160 / 165 / 170 / 175 / 180 / 185 / 190 / 195 / 200,"[{""data"": -200, ""description"": ""-200""}, {""data"": -195, ""description"": ""-195""}, {""data"": -190, ""description"": ""-190""}, {""data"": -185, ""description"": ""-185""}, {""data"": -180, ""description"": ""-180""}, {""data"": -175, ""description"": ""-175""}, {""data"": -170, ""description"": ""-170""}, {""data"": -165, ""description"": ""-165""}, {""data"": -160, ""description"": ""-160""}, {""data"": -155, ""description"": ""-155""}, {""data"": -150, ""description"": ""-150""}, {""data"": -145, ""description"": ""-145""}, {""data"": -140, ""description"": ""-140""}, {""data"": -135, ""description"": ""-135""}, {""data"": -130, ""description"": ""-130""}, {""data"": -125, ""description"": ""-125""}, {""data"": -120, ""description"": ""-120""}, {""data"": -115, ""description"": ""-115""}, {""data"": -110, ""description"": ""-110""}, {""data"": -105, ""description"": ""-105""}, {""data"": -100, ""description"": ""-100""}, {""data"": -95, ""description"": ""-95""}, {""data"": -90, ""description"": ""-90""}, {""data"": -85, ""description"": ""-85""}, {""data"": -80, ""description"": ""-80""}, {""data"": -75, ""description"": ""-75""}, {""data"": -70, ""description"": ""-70""}, {""data"": -65, ""description"": ""-65""}, {""data"": -60, ""description"": ""-60""}, {""data"": -55, ""description"": ""-55""}, {""data"": -50, ""description"": ""-50""}, {""data"": -45, ""description"": ""-45""}, {""data"": -40, ""description"": ""-40""}, {""data"": -35, ""description"": ""-35""}, {""data"": -30, ""description"": ""-30""}, {""data"": -25, ""description"": ""-25""}, {""data"": -20, ""description"": ""-20""}, {""data"": -15, ""description"": ""-15""}, {""data"": -10, ""description"": ""-10""}, {""data"": -5, ""description"": ""-5""}, {""hover"": ""Default"", ""data"": 0, ""description"": ""0""}, {""data"": 5, ""description"": ""5""}, {""data"": 10, ""description"": ""10""}, {""data"": 15, ""description"": ""15""}, {""data"": 20, ""description"": ""20""}, {""data"": 25, ""description"": ""25""}, {""data"": 30, ""description"": ""30""}, {""data"": 35, ""description"": ""35""}, {""data"": 40, ""description"": ""40""}, {""data"": 45, ""description"": ""45""}, {""data"": 50, ""description"": ""50""}, {""data"": 55, ""description"": ""55""}, {""data"": 60, ""description"": ""60""}, {""data"": 65, ""description"": ""65""}, {""data"": 70, ""description"": ""70""}, {""data"": 75, ""description"": ""75""}, {""data"": 80, ""description"": ""80""}, {""data"": 85, ""description"": ""85""}, {""data"": 90, ""description"": ""90""}, {""data"": 95, ""description"": ""95""}, {""data"": 100, ""description"": ""100""}, {""data"": 105, ""description"": ""105""}, {""data"": 110, ""description"": ""110""}, {""data"": 115, ""description"": ""115""}, {""data"": 120, ""description"": ""120""}, {""data"": 125, ""description"": ""125""}, {""data"": 130, ""description"": ""130""}, {""data"": 135, ""description"": ""135""}, {""data"": 140, ""description"": ""140""}, {""data"": 145, ""description"": ""145""}, {""data"": 150, ""description"": ""150""}, {""data"": 155, ""description"": ""155""}, {""data"": 160, ""description"": ""160""}, {""data"": 165, ""description"": ""165""}, {""data"": 170, ""description"": ""170""}, {""data"": 175, ""description"": ""175""}, {""data"": 180, ""description"": ""180""}, {""data"": 185, ""description"": ""185""}, {""data"": 190, ""description"": ""190""}, {""data"": 195, ""description"": ""195""}, {""data"": 200, ""description"": ""200""}]",—,—,服主；显示项可能允许客户端覆盖,✅,✅,个人横纵偏移；菜单横向 -300～300、纵向 -200～200，步长 100。,应补更细偏移,/home/ubuntu/Steam/steamapps/workshop/content/322330/2477889104/modinfo.lua,[OffsetX](/home/ubuntu/Steam/steamapps/workshop/content/322330/2477889104/modinfo.lua:266)
Beefalo Status Bar,OffsetXMult,X Offset Multiplier,1,1 / 2 / 3 / 4 / 5 / 6 / 7 / 8 / 9 / 10 / 11 / 12 / 13 / 14 / 15 / 16 / 17 / 18 / 19 / 20,"[{""hover"": ""Default"", ""description"": ""None"", ""data"": 1}, {""data"": 2, ""description"": ""2x""}, {""data"": 3, ""description"": ""3x""}, {""data"": 4, ""description"": ""4x""}, {""data"": 5, ""description"": ""5x""}, {""data"": 6, ""description"": ""6x""}, {""data"": 7, ""description"": ""7x""}, {""data"": 8, ""description"": ""8x""}, {""data"": 9, ""description"": ""9x""}, {""data"": 10, ""description"": ""10x""}, {""data"": 11, ""description"": ""11x""}, {""data"": 12, ""description"": ""12x""}, {""data"": 13, ""description"": ""13x""}, {""data"": 14, ""description"": ""14x""}, {""data"": 15, ""description"": ""15x""}, {""data"": 16, ""description"": ""16x""}, {""data"": 17, ""description"": ""17x""}, {""data"": 18, ""description"": ""18x""}, {""data"": 19, ""description"": ""19x""}, {""data"": 20, ""description"": ""20x""}]",—,—,服主；显示项可能允许客户端覆盖,✅,❌,无倍数及微调入口；保存校验只接受绝对值≤600。,直接提供细粒度偏移即可，无需照搬倍数,/home/ubuntu/Steam/steamapps/workshop/content/322330/2477889104/modinfo.lua,[OffsetXMult](/home/ubuntu/Steam/steamapps/workshop/content/322330/2477889104/modinfo.lua:273)
Beefalo Status Bar,OffsetXFine,X Offset Fine Tune,0,-50 / -49 / -48 / -47 / -46 / -45 / -44 / -43 / -42 / -41 / -40 / -39 / -38 / -37 / -36 / -35 / -34 / -33 / -32 / -31 / -30 / -29 / -28 / -27 / -26 / -25 / -24 / -23 / -22 / -21 / -20 / -19 / -18 / -17 / -16 / -15 / -14 / -13 / -12 / -11 / -10 / -9 / -8 / -7 / -6 / -5 / -4 / -3 / -2 / -1 / 0 / 1 / 2 / 3 / 4 / 5 / 6 / 7 / 8 / 9 / 10 / 11 / 12 / 13 / 14 / 15 / 16 / 17 / 18 / 19 / 20 / 21 / 22 / 23 / 24 / 25 / 26 / 27 / 28 / 29 / 30 / 31 / 32 / 33 / 34 / 35 / 36 / 37 / 38 / 39 / 40 / 41 / 42 / 43 / 44 / 45 / 46 / 47 / 48 / 49 / 50,"[{""data"": -50, ""description"": ""-50""}, {""data"": -49, ""description"": ""-49""}, {""data"": -48, ""description"": ""-48""}, {""data"": -47, ""description"": ""-47""}, {""data"": -46, ""description"": ""-46""}, {""data"": -45, ""description"": ""-45""}, {""data"": -44, ""description"": ""-44""}, {""data"": -43, ""description"": ""-43""}, {""data"": -42, ""description"": ""-42""}, {""data"": -41, ""description"": ""-41""}, {""data"": -40, ""description"": ""-40""}, {""data"": -39, ""description"": ""-39""}, {""data"": -38, ""description"": ""-38""}, {""data"": -37, ""description"": ""-37""}, {""data"": -36, ""description"": ""-36""}, {""data"": -35, ""description"": ""-35""}, {""data"": -34, ""description"": ""-34""}, {""data"": -33, ""description"": ""-33""}, {""data"": -32, ""description"": ""-32""}, {""data"": -31, ""description"": ""-31""}, {""data"": -30, ""description"": ""-30""}, {""data"": -29, ""description"": ""-29""}, {""data"": -28, ""description"": ""-28""}, {""data"": -27, ""description"": ""-27""}, {""data"": -26, ""description"": ""-26""}, {""data"": -25, ""description"": ""-25""}, {""data"": -24, ""description"": ""-24""}, {""data"": -23, ""description"": ""-23""}, {""data"": -22, ""description"": ""-22""}, {""data"": -21, ""description"": ""-21""}, {""data"": -20, ""description"": ""-20""}, {""data"": -19, ""description"": ""-19""}, {""data"": -18, ""description"": ""-18""}, {""data"": -17, ""description"": ""-17""}, {""data"": -16, ""description"": ""-16""}, {""data"": -15, ""description"": ""-15""}, {""data"": -14, ""description"": ""-14""}, {""data"": -13, ""description"": ""-13""}, {""data"": -12, ""description"": ""-12""}, {""data"": -11, ""description"": ""-11""}, {""data"": -10, ""description"": ""-10""}, {""data"": -9, ""description"": ""-9""}, {""data"": -8, ""description"": ""-8""}, {""data"": -7, ""description"": ""-7""}, {""data"": -6, ""description"": ""-6""}, {""data"": -5, ""description"": ""-5""}, {""data"": -4, ""description"": ""-4""}, {""data"": -3, ""description"": ""-3""}, {""data"": -2, ""description"": ""-2""}, {""data"": -1, ""description"": ""-1""}, {""hover"": ""Default"", ""data"": 0, ""description"": ""0""}, {""data"": 1, ""description"": ""1""}, {""data"": 2, ""description"": ""2""}, {""data"": 3, ""description"": ""3""}, {""data"": 4, ""description"": ""4""}, {""data"": 5, ""description"": ""5""}, {""data"": 6, ""description"": ""6""}, {""data"": 7, ""description"": ""7""}, {""data"": 8, ""description"": ""8""}, {""data"": 9, ""description"": ""9""}, {""data"": 10, ""description"": ""10""}, {""data"": 11, ""description"": ""11""}, {""data"": 12, ""description"": ""12""}, {""data"": 13, ""description"": ""13""}, {""data"": 14, ""description"": ""14""}, {""data"": 15, ""description"": ""15""}, {""data"": 16, ""description"": ""16""}, {""data"": 17, ""description"": ""17""}, {""data"": 18, ""description"": ""18""}, {""data"": 19, ""description"": ""19""}, {""data"": 20, ""description"": ""20""}, {""data"": 21, ""description"": ""21""}, {""data"": 22, ""description"": ""22""}, {""data"": 23, ""description"": ""23""}, {""data"": 24, ""description"": ""24""}, {""data"": 25, ""description"": ""25""}, {""data"": 26, ""description"": ""26""}, {""data"": 27, ""description"": ""27""}, {""data"": 28, ""description"": ""28""}, {""data"": 29, ""description"": ""29""}, {""data"": 30, ""description"": ""30""}, {""data"": 31, ""description"": ""31""}, {""data"": 32, ""description"": ""32""}, {""data"": 33, ""description"": ""33""}, {""data"": 34, ""description"": ""34""}, {""data"": 35, ""description"": ""35""}, {""data"": 36, ""description"": ""36""}, {""data"": 37, ""description"": ""37""}, {""data"": 38, ""description"": ""38""}, {""data"": 39, ""description"": ""39""}, {""data"": 40, ""description"": ""40""}, {""data"": 41, ""description"": ""41""}, {""data"": 42, ""description"": ""42""}, {""data"": 43, ""description"": ""43""}, {""data"": 44, ""description"": ""44""}, {""data"": 45, ""description"": ""45""}, {""data"": 46, ""description"": ""46""}, {""data"": 47, ""description"": ""47""}, {""data"": 48, ""description"": ""48""}, {""data"": 49, ""description"": ""49""}, {""data"": 50, ""description"": ""50""}]",—,—,服主；显示项可能允许客户端覆盖,✅,❌,无倍数及微调入口；保存校验只接受绝对值≤600。,直接提供细粒度偏移即可，无需照搬倍数,/home/ubuntu/Steam/steamapps/workshop/content/322330/2477889104/modinfo.lua,[OffsetXFine](/home/ubuntu/Steam/steamapps/workshop/content/322330/2477889104/modinfo.lua:280)
Beefalo Status Bar,OffsetY,Y Offset (Vertical),0,-200 / -195 / -190 / -185 / -180 / -175 / -170 / -165 / -160 / -155 / -150 / -145 / -140 / -135 / -130 / -125 / -120 / -115 / -110 / -105 / -100 / -95 / -90 / -85 / -80 / -75 / -70 / -65 / -60 / -55 / -50 / -45 / -40 / -35 / -30 / -25 / -20 / -15 / -10 / -5 / 0 / 5 / 10 / 15 / 20 / 25 / 30 / 35 / 40 / 45 / 50 / 55 / 60 / 65 / 70 / 75 / 80 / 85 / 90 / 95 / 100 / 105 / 110 / 115 / 120 / 125 / 130 / 135 / 140 / 145 / 150 / 155 / 160 / 165 / 170 / 175 / 180 / 185 / 190 / 195 / 200,"[{""data"": -200, ""description"": ""-200""}, {""data"": -195, ""description"": ""-195""}, {""data"": -190, ""description"": ""-190""}, {""data"": -185, ""description"": ""-185""}, {""data"": -180, ""description"": ""-180""}, {""data"": -175, ""description"": ""-175""}, {""data"": -170, ""description"": ""-170""}, {""data"": -165, ""description"": ""-165""}, {""data"": -160, ""description"": ""-160""}, {""data"": -155, ""description"": ""-155""}, {""data"": -150, ""description"": ""-150""}, {""data"": -145, ""description"": ""-145""}, {""data"": -140, ""description"": ""-140""}, {""data"": -135, ""description"": ""-135""}, {""data"": -130, ""description"": ""-130""}, {""data"": -125, ""description"": ""-125""}, {""data"": -120, ""description"": ""-120""}, {""data"": -115, ""description"": ""-115""}, {""data"": -110, ""description"": ""-110""}, {""data"": -105, ""description"": ""-105""}, {""data"": -100, ""description"": ""-100""}, {""data"": -95, ""description"": ""-95""}, {""data"": -90, ""description"": ""-90""}, {""data"": -85, ""description"": ""-85""}, {""data"": -80, ""description"": ""-80""}, {""data"": -75, ""description"": ""-75""}, {""data"": -70, ""description"": ""-70""}, {""data"": -65, ""description"": ""-65""}, {""data"": -60, ""description"": ""-60""}, {""data"": -55, ""description"": ""-55""}, {""data"": -50, ""description"": ""-50""}, {""data"": -45, ""description"": ""-45""}, {""data"": -40, ""description"": ""-40""}, {""data"": -35, ""description"": ""-35""}, {""data"": -30, ""description"": ""-30""}, {""data"": -25, ""description"": ""-25""}, {""data"": -20, ""description"": ""-20""}, {""data"": -15, ""description"": ""-15""}, {""data"": -10, ""description"": ""-10""}, {""data"": -5, ""description"": ""-5""}, {""hover"": ""Default"", ""data"": 0, ""description"": ""0""}, {""data"": 5, ""description"": ""5""}, {""data"": 10, ""description"": ""10""}, {""data"": 15, ""description"": ""15""}, {""data"": 20, ""description"": ""20""}, {""data"": 25, ""description"": ""25""}, {""data"": 30, ""description"": ""30""}, {""data"": 35, ""description"": ""35""}, {""data"": 40, ""description"": ""40""}, {""data"": 45, ""description"": ""45""}, {""data"": 50, ""description"": ""50""}, {""data"": 55, ""description"": ""55""}, {""data"": 60, ""description"": ""60""}, {""data"": 65, ""description"": ""65""}, {""data"": 70, ""description"": ""70""}, {""data"": 75, ""description"": ""75""}, {""data"": 80, ""description"": ""80""}, {""data"": 85, ""description"": ""85""}, {""data"": 90, ""description"": ""90""}, {""data"": 95, ""description"": ""95""}, {""data"": 100, ""description"": ""100""}, {""data"": 105, ""description"": ""105""}, {""data"": 110, ""description"": ""110""}, {""data"": 115, ""description"": ""115""}, {""data"": 120, ""description"": ""120""}, {""data"": 125, ""description"": ""125""}, {""data"": 130, ""description"": ""130""}, {""data"": 135, ""description"": ""135""}, {""data"": 140, ""description"": ""140""}, {""data"": 145, ""description"": ""145""}, {""data"": 150, ""description"": ""150""}, {""data"": 155, ""description"": ""155""}, {""data"": 160, ""description"": ""160""}, {""data"": 165, ""description"": ""165""}, {""data"": 170, ""description"": ""170""}, {""data"": 175, ""description"": ""175""}, {""data"": 180, ""description"": ""180""}, {""data"": 185, ""description"": ""185""}, {""data"": 190, ""description"": ""190""}, {""data"": 195, ""description"": ""195""}, {""data"": 200, ""description"": ""200""}]",—,—,服主；显示项可能允许客户端覆盖,✅,✅,个人横纵偏移；菜单横向 -300～300、纵向 -200～200，步长 100。,应补更细偏移,/home/ubuntu/Steam/steamapps/workshop/content/322330/2477889104/modinfo.lua,[OffsetY](/home/ubuntu/Steam/steamapps/workshop/content/322330/2477889104/modinfo.lua:293)
Beefalo Status Bar,OffsetYMult,Y Offset Multiplier,1,1 / 2 / 3 / 4 / 5 / 6 / 7 / 8 / 9 / 10 / 11 / 12 / 13 / 14 / 15 / 16 / 17 / 18 / 19 / 20,"[{""hover"": ""Default"", ""description"": ""None"", ""data"": 1}, {""data"": 2, ""description"": ""2x""}, {""data"": 3, ""description"": ""3x""}, {""data"": 4, ""description"": ""4x""}, {""data"": 5, ""description"": ""5x""}, {""data"": 6, ""description"": ""6x""}, {""data"": 7, ""description"": ""7x""}, {""data"": 8, ""description"": ""8x""}, {""data"": 9, ""description"": ""9x""}, {""data"": 10, ""description"": ""10x""}, {""data"": 11, ""description"": ""11x""}, {""data"": 12, ""description"": ""12x""}, {""data"": 13, ""description"": ""13x""}, {""data"": 14, ""description"": ""14x""}, {""data"": 15, ""description"": ""15x""}, {""data"": 16, ""description"": ""16x""}, {""data"": 17, ""description"": ""17x""}, {""data"": 18, ""description"": ""18x""}, {""data"": 19, ""description"": ""19x""}, {""data"": 20, ""description"": ""20x""}]",—,—,服主；显示项可能允许客户端覆盖,✅,❌,无倍数及微调入口；保存校验只接受绝对值≤600。,直接提供细粒度偏移即可，无需照搬倍数,/home/ubuntu/Steam/steamapps/workshop/content/322330/2477889104/modinfo.lua,[OffsetYMult](/home/ubuntu/Steam/steamapps/workshop/content/322330/2477889104/modinfo.lua:300)
Beefalo Status Bar,OffsetYFine,Y Offset Fine Tune,0,-50 / -49 / -48 / -47 / -46 / -45 / -44 / -43 / -42 / -41 / -40 / -39 / -38 / -37 / -36 / -35 / -34 / -33 / -32 / -31 / -30 / -29 / -28 / -27 / -26 / -25 / -24 / -23 / -22 / -21 / -20 / -19 / -18 / -17 / -16 / -15 / -14 / -13 / -12 / -11 / -10 / -9 / -8 / -7 / -6 / -5 / -4 / -3 / -2 / -1 / 0 / 1 / 2 / 3 / 4 / 5 / 6 / 7 / 8 / 9 / 10 / 11 / 12 / 13 / 14 / 15 / 16 / 17 / 18 / 19 / 20 / 21 / 22 / 23 / 24 / 25 / 26 / 27 / 28 / 29 / 30 / 31 / 32 / 33 / 34 / 35 / 36 / 37 / 38 / 39 / 40 / 41 / 42 / 43 / 44 / 45 / 46 / 47 / 48 / 49 / 50,"[{""data"": -50, ""description"": ""-50""}, {""data"": -49, ""description"": ""-49""}, {""data"": -48, ""description"": ""-48""}, {""data"": -47, ""description"": ""-47""}, {""data"": -46, ""description"": ""-46""}, {""data"": -45, ""description"": ""-45""}, {""data"": -44, ""description"": ""-44""}, {""data"": -43, ""description"": ""-43""}, {""data"": -42, ""description"": ""-42""}, {""data"": -41, ""description"": ""-41""}, {""data"": -40, ""description"": ""-40""}, {""data"": -39, ""description"": ""-39""}, {""data"": -38, ""description"": ""-38""}, {""data"": -37, ""description"": ""-37""}, {""data"": -36, ""description"": ""-36""}, {""data"": -35, ""description"": ""-35""}, {""data"": -34, ""description"": ""-34""}, {""data"": -33, ""description"": ""-33""}, {""data"": -32, ""description"": ""-32""}, {""data"": -31, ""description"": ""-31""}, {""data"": -30, ""description"": ""-30""}, {""data"": -29, ""description"": ""-29""}, {""data"": -28, ""description"": ""-28""}, {""data"": -27, ""description"": ""-27""}, {""data"": -26, ""description"": ""-26""}, {""data"": -25, ""description"": ""-25""}, {""data"": -24, ""description"": ""-24""}, {""data"": -23, ""description"": ""-23""}, {""data"": -22, ""description"": ""-22""}, {""data"": -21, ""description"": ""-21""}, {""data"": -20, ""description"": ""-20""}, {""data"": -19, ""description"": ""-19""}, {""data"": -18, ""description"": ""-18""}, {""data"": -17, ""description"": ""-17""}, {""data"": -16, ""description"": ""-16""}, {""data"": -15, ""description"": ""-15""}, {""data"": -14, ""description"": ""-14""}, {""data"": -13, ""description"": ""-13""}, {""data"": -12, ""description"": ""-12""}, {""data"": -11, ""description"": ""-11""}, {""data"": -10, ""description"": ""-10""}, {""data"": -9, ""description"": ""-9""}, {""data"": -8, ""description"": ""-8""}, {""data"": -7, ""description"": ""-7""}, {""data"": -6, ""description"": ""-6""}, {""data"": -5, ""description"": ""-5""}, {""data"": -4, ""description"": ""-4""}, {""data"": -3, ""description"": ""-3""}, {""data"": -2, ""description"": ""-2""}, {""data"": -1, ""description"": ""-1""}, {""hover"": ""Default"", ""data"": 0, ""description"": ""0""}, {""data"": 1, ""description"": ""1""}, {""data"": 2, ""description"": ""2""}, {""data"": 3, ""description"": ""3""}, {""data"": 4, ""description"": ""4""}, {""data"": 5, ""description"": ""5""}, {""data"": 6, ""description"": ""6""}, {""data"": 7, ""description"": ""7""}, {""data"": 8, ""description"": ""8""}, {""data"": 9, ""description"": ""9""}, {""data"": 10, ""description"": ""10""}, {""data"": 11, ""description"": ""11""}, {""data"": 12, ""description"": ""12""}, {""data"": 13, ""description"": ""13""}, {""data"": 14, ""description"": ""14""}, {""data"": 15, ""description"": ""15""}, {""data"": 16, ""description"": ""16""}, {""data"": 17, ""description"": ""17""}, {""data"": 18, ""description"": ""18""}, {""data"": 19, ""description"": ""19""}, {""data"": 20, ""description"": ""20""}, {""data"": 21, ""description"": ""21""}, {""data"": 22, ""description"": ""22""}, {""data"": 23, ""description"": ""23""}, {""data"": 24, ""description"": ""24""}, {""data"": 25, ""description"": ""25""}, {""data"": 26, ""description"": ""26""}, {""data"": 27, ""description"": ""27""}, {""data"": 28, ""description"": ""28""}, {""data"": 29, ""description"": ""29""}, {""data"": 30, ""description"": ""30""}, {""data"": 31, ""description"": ""31""}, {""data"": 32, ""description"": ""32""}, {""data"": 33, ""description"": ""33""}, {""data"": 34, ""description"": ""34""}, {""data"": 35, ""description"": ""35""}, {""data"": 36, ""description"": ""36""}, {""data"": 37, ""description"": ""37""}, {""data"": 38, ""description"": ""38""}, {""data"": 39, ""description"": ""39""}, {""data"": 40, ""description"": ""40""}, {""data"": 41, ""description"": ""41""}, {""data"": 42, ""description"": ""42""}, {""data"": 43, ""description"": ""43""}, {""data"": 44, ""description"": ""44""}, {""data"": 45, ""description"": ""45""}, {""data"": 46, ""description"": ""46""}, {""data"": 47, ""description"": ""47""}, {""data"": 48, ""description"": ""48""}, {""data"": 49, ""description"": ""49""}, {""data"": 50, ""description"": ""50""}]",—,—,服主；显示项可能允许客户端覆盖,✅,❌,无倍数及微调入口；保存校验只接受绝对值≤600。,直接提供细粒度偏移即可，无需照搬倍数,/home/ubuntu/Steam/steamapps/workshop/content/322330/2477889104/modinfo.lua,[OffsetYFine](/home/ubuntu/Steam/steamapps/workshop/content/322330/2477889104/modinfo.lua:307)
Wildwise,language,语言,auto,auto / en / zh,"[{""description"": ""跟随游戏"", ""data"": ""auto""}, {""description"": ""English"", ""data"": ""en""}, {""description"": ""简体中文"", ""data"": ""zh""}]",—,—,服主,不适用,✅,原生 modinfo 与 core/config 公共字段一致。,现有能力,/usr/local/src/Wildwise/modinfo.lua,[language](/usr/local/src/Wildwise/modinfo.lua)
Wildwise,ui_scale,界面缩放,1,0.75 / 1 / 1.25 / 1.5,"[{""description"": ""0.75"", ""data"": 0.75}, {""description"": ""1"", ""data"": 1}, {""description"": ""1.25"", ""data"": 1.25}, {""description"": ""1.5"", ""data"": 1.5}]",—,—,服主,不适用,✅,原生 modinfo 与 core/config 公共字段一致。,现有能力,/usr/local/src/Wildwise/modinfo.lua,[ui_scale](/usr/local/src/Wildwise/modinfo.lua)
Wildwise,menu_key,菜单按键,288,287 / 288 / 289,"[{""description"": ""F6"", ""data"": 287}, {""description"": ""F7"", ""data"": 288}, {""description"": ""F8"", ""data"": 289}]",—,—,服主,不适用,✅,原生 modinfo 与 core/config 公共字段一致。,现有能力,/usr/local/src/Wildwise/modinfo.lua,[menu_key](/usr/local/src/Wildwise/modinfo.lua)
Wildwise,diagnostics,本地诊断日志,false,true / false,"[{""description"": ""开启"", ""data"": true}, {""description"": ""关闭"", ""data"": false}]",—,—,服主,不适用,✅,原生 modinfo 与 core/config 公共字段一致。,现有能力,/usr/local/src/Wildwise/modinfo.lua,[diagnostics](/usr/local/src/Wildwise/modinfo.lua)
Wildwise,info_enabled,信息洞察,true,true / false,"[{""description"": ""开启"", ""data"": true}, {""description"": ""关闭"", ""data"": false}]",—,—,服主,不适用,✅,原生 modinfo 与 core/config 公共字段一致。,现有能力,/usr/local/src/Wildwise/modinfo.lua,[info_enabled](/usr/local/src/Wildwise/modinfo.lua)
Wildwise,info_container_contents,允许容器内容查询,false,true / false,"[{""description"": ""开启"", ""data"": true}, {""description"": ""关闭"", ""data"": false}]",—,—,服主,不适用,✅,原生 modinfo 与 core/config 公共字段一致。,现有能力,/usr/local/src/Wildwise/modinfo.lua,[info_container_contents](/usr/local/src/Wildwise/modinfo.lua)
Wildwise,info_world_events,允许世界事件详情,false,true / false,"[{""description"": ""开启"", ""data"": true}, {""description"": ""关闭"", ""data"": false}]",—,—,服主,不适用,✅,原生 modinfo 与 core/config 公共字段一致。,现有能力,/usr/local/src/Wildwise/modinfo.lua,[info_world_events](/usr/local/src/Wildwise/modinfo.lua)
Wildwise,info_attack_range,允许攻击范围提示,false,true / false,"[{""description"": ""开启"", ""data"": true}, {""description"": ""关闭"", ""data"": false}]",—,—,服主,不适用,✅,原生 modinfo 与 core/config 公共字段一致。,现有能力,/usr/local/src/Wildwise/modinfo.lua,[info_attack_range](/usr/local/src/Wildwise/modinfo.lua)
Wildwise,info_font_size,信息字号,22,18 / 22 / 26 / 30,"[{""description"": ""18"", ""data"": 18}, {""description"": ""22"", ""data"": 22}, {""description"": ""26"", ""data"": 26}, {""description"": ""30"", ""data"": 30}]",—,—,服主,不适用,✅,原生 modinfo 与 core/config 公共字段一致。,现有能力,/usr/local/src/Wildwise/modinfo.lua,[info_font_size](/usr/local/src/Wildwise/modinfo.lua)
Wildwise,healthbars_enabled,战斗血条,true,true / false,"[{""description"": ""开启"", ""data"": true}, {""description"": ""关闭"", ""data"": false}]",—,—,服主,不适用,✅,原生 modinfo 与 core/config 公共字段一致。,现有能力,/usr/local/src/Wildwise/modinfo.lua,[healthbars_enabled](/usr/local/src/Wildwise/modinfo.lua)
Wildwise,healthbars_limit,血条数量上限,12,4 / 8 / 12 / 16 / 20,"[{""description"": ""4"", ""data"": 4}, {""description"": ""8"", ""data"": 8}, {""description"": ""12"", ""data"": 12}, {""description"": ""16"", ""data"": 16}, {""description"": ""20"", ""data"": 20}]",—,—,服主,不适用,✅,原生 modinfo 与 core/config 公共字段一致。,现有能力,/usr/local/src/Wildwise/modinfo.lua,[healthbars_limit](/usr/local/src/Wildwise/modinfo.lua)
Wildwise,healthbars_linger_seconds,脱战收起延迟,2,0 / 1 / 2 / 3 / 5,"[{""description"": ""0"", ""data"": 0}, {""description"": ""1"", ""data"": 1}, {""description"": ""2"", ""data"": 2}, {""description"": ""3"", ""data"": 3}, {""description"": ""5"", ""data"": 5}]",—,—,服主,不适用,✅,原生 modinfo 与 core/config 公共字段一致。,现有能力,/usr/local/src/Wildwise/modinfo.lua,[healthbars_linger_seconds](/usr/local/src/Wildwise/modinfo.lua)
Wildwise,healthbars_scale,血条缩放,1,0.75 / 1 / 1.25 / 1.5,"[{""description"": ""0.75"", ""data"": 0.75}, {""description"": ""1"", ""data"": 1}, {""description"": ""1.25"", ""data"": 1.25}, {""description"": ""1.5"", ""data"": 1.5}]",—,—,服主,不适用,✅,原生 modinfo 与 core/config 公共字段一致。,现有能力,/usr/local/src/Wildwise/modinfo.lua,[healthbars_scale](/usr/local/src/Wildwise/modinfo.lua)
Wildwise,healthbars_numbers,血量数值,true,true / false,"[{""description"": ""开启"", ""data"": true}, {""description"": ""关闭"", ""data"": false}]",—,—,服主,不适用,✅,原生 modinfo 与 core/config 公共字段一致。,现有能力,/usr/local/src/Wildwise/modinfo.lua,[healthbars_numbers](/usr/local/src/Wildwise/modinfo.lua)
Wildwise,healthbars_hostile_scope,敌意范围,self,self / followers / nearby / nearby_followers,"[{""description"": ""仅自己"", ""data"": ""self""}, {""description"": ""自己及随从"", ""data"": ""followers""}, {""description"": ""附近玩家"", ""data"": ""nearby""}, {""description"": ""附近玩家及随从"", ""data"": ""nearby_followers""}]",—,—,服主,不适用,✅,原生 modinfo 与 core/config 公共字段一致。,现有能力,/usr/local/src/Wildwise/modinfo.lua,[healthbars_hostile_scope](/usr/local/src/Wildwise/modinfo.lua)
Wildwise,map_enabled,地图协作,true,true / false,"[{""description"": ""开启"", ""data"": true}, {""description"": ""关闭"", ""data"": false}]",—,—,服主,不适用,✅,原生 modinfo 与 core/config 公共字段一致。,现有能力,/usr/local/src/Wildwise/modinfo.lua,[map_enabled](/usr/local/src/Wildwise/modinfo.lua)
Wildwise,map_share_position,位置共享,auto,auto / on / off,"[{""description"": ""跟随游戏模式"", ""data"": ""auto""}, {""description"": ""开启"", ""data"": ""on""}, {""description"": ""关闭"", ""data"": ""off""}]",—,—,服主,不适用,✅,原生 modinfo 与 core/config 公共字段一致。,现有能力,/usr/local/src/Wildwise/modinfo.lua,[map_share_position](/usr/local/src/Wildwise/modinfo.lua)
Wildwise,map_share_exploration,探索共享,auto,auto / on / off,"[{""description"": ""跟随游戏模式"", ""data"": ""auto""}, {""description"": ""开启"", ""data"": ""on""}, {""description"": ""关闭"", ""data"": ""off""}]",—,—,服主,不适用,✅,原生 modinfo 与 core/config 公共字段一致。,现有能力,/usr/local/src/Wildwise/modinfo.lua,[map_share_exploration](/usr/local/src/Wildwise/modinfo.lua)
Wildwise,items_enabled,物品整理,true,true / false,"[{""description"": ""开启"", ""data"": true}, {""description"": ""关闭"", ""data"": false}]",—,—,服主,不适用,✅,原生 modinfo 与 core/config 公共字段一致。,现有能力,/usr/local/src/Wildwise/modinfo.lua,[items_enabled](/usr/local/src/Wildwise/modinfo.lua)
Wildwise,items_stack_world,合堆新世界掉落,true,true / false,"[{""description"": ""开启"", ""data"": true}, {""description"": ""关闭"", ""data"": false}]",—,—,服主,不适用,✅,原生 modinfo 与 core/config 公共字段一致。,现有能力,/usr/local/src/Wildwise/modinfo.lua,[items_stack_world](/usr/local/src/Wildwise/modinfo.lua)
Wildwise,items_stack_manual,合堆玩家丢弃物,false,true / false,"[{""description"": ""开启"", ""data"": true}, {""description"": ""关闭"", ""data"": false}]",—,—,服主,不适用,✅,原生 modinfo 与 core/config 公共字段一致。,现有能力,/usr/local/src/Wildwise/modinfo.lua,[items_stack_manual](/usr/local/src/Wildwise/modinfo.lua)
Wildwise,items_stack_loaded,合堆读档地面物品,false,true / false,"[{""description"": ""开启"", ""data"": true}, {""description"": ""关闭"", ""data"": false}]",—,—,服主,不适用,✅,原生 modinfo 与 core/config 公共字段一致。,现有能力,/usr/local/src/Wildwise/modinfo.lua,[items_stack_loaded](/usr/local/src/Wildwise/modinfo.lua)
Wildwise,items_pickup_allowed,允许玩家开启自动拾取,false,true / false,"[{""description"": ""开启"", ""data"": true}, {""description"": ""关闭"", ""data"": false}]",—,—,服主,不适用,✅,原生 modinfo 与 core/config 公共字段一致。,现有能力,/usr/local/src/Wildwise/modinfo.lua,[items_pickup_allowed](/usr/local/src/Wildwise/modinfo.lua)
Wildwise,items_pickup_existing,拾取要求背包已有同类,true,true / false,"[{""description"": ""开启"", ""data"": true}, {""description"": ""关闭"", ""data"": false}]",—,—,服主,不适用,✅,原生 modinfo 与 core/config 公共字段一致。,现有能力,/usr/local/src/Wildwise/modinfo.lua,[items_pickup_existing](/usr/local/src/Wildwise/modinfo.lua)
Wildwise,items_radius,物品处理半径,4,2 / 4 / 6 / 8,"[{""description"": ""2"", ""data"": 2}, {""description"": ""4"", ""data"": 4}, {""description"": ""6"", ""data"": 6}, {""description"": ""8"", ""data"": 8}]",—,—,服主,不适用,✅,原生 modinfo 与 core/config 公共字段一致。,现有能力,/usr/local/src/Wildwise/modinfo.lua,[items_radius](/usr/local/src/Wildwise/modinfo.lua)
Wildwise,queue_enabled,行为队列,true,true / false,"[{""description"": ""开启"", ""data"": true}, {""description"": ""关闭"", ""data"": false}]",—,—,服主,不适用,✅,原生 modinfo 与 core/config 公共字段一致。,现有能力,/usr/local/src/Wildwise/modinfo.lua,[queue_enabled](/usr/local/src/Wildwise/modinfo.lua)
Wildwise,queue_farm_grid,农田布点,3,2 / 3 / 4,"[{""description"": ""2"", ""data"": 2}, {""description"": ""3"", ""data"": 3}, {""description"": ""4"", ""data"": 4}]",—,—,服主,不适用,✅,原生 modinfo 与 core/config 公共字段一致。,现有能力,/usr/local/src/Wildwise/modinfo.lua,[queue_farm_grid](/usr/local/src/Wildwise/modinfo.lua)
Wildwise,signs_enabled,智能小木牌,true,true / false,"[{""description"": ""开启"", ""data"": true}, {""description"": ""关闭"", ""data"": false}]",—,—,服主,不适用,✅,原生 modinfo 与 core/config 公共字段一致。,现有能力,/usr/local/src/Wildwise/modinfo.lua,[signs_enabled](/usr/local/src/Wildwise/modinfo.lua)
Wildwise,signs_treasurechest,木箱小木牌,true,true / false,"[{""description"": ""开启"", ""data"": true}, {""description"": ""关闭"", ""data"": false}]",—,—,服主,不适用,✅,原生 modinfo 与 core/config 公共字段一致。,现有能力,/usr/local/src/Wildwise/modinfo.lua,[signs_treasurechest](/usr/local/src/Wildwise/modinfo.lua)
Wildwise,signs_dragonflychest,龙鳞宝箱小木牌,true,true / false,"[{""description"": ""开启"", ""data"": true}, {""description"": ""关闭"", ""data"": false}]",—,—,服主,不适用,✅,原生 modinfo 与 core/config 公共字段一致。,现有能力,/usr/local/src/Wildwise/modinfo.lua,[signs_dragonflychest](/usr/local/src/Wildwise/modinfo.lua)
Wildwise,signs_boat_ancient_container,远古船货舱小木牌,true,true / false,"[{""description"": ""开启"", ""data"": true}, {""description"": ""关闭"", ""data"": false}]",—,—,服主,不适用,✅,原生 modinfo 与 core/config 公共字段一致。,现有能力,/usr/local/src/Wildwise/modinfo.lua,[signs_boat_ancient_container](/usr/local/src/Wildwise/modinfo.lua)
Wildwise,signs_chester,切斯特小木牌,false,true / false,"[{""description"": ""开启"", ""data"": true}, {""description"": ""关闭"", ""data"": false}]",—,—,服主,不适用,✅,原生 modinfo 与 core/config 公共字段一致。,现有能力,/usr/local/src/Wildwise/modinfo.lua,[signs_chester](/usr/local/src/Wildwise/modinfo.lua)
Wildwise,signs_hutch,哈奇小木牌,false,true / false,"[{""description"": ""开启"", ""data"": true}, {""description"": ""关闭"", ""data"": false}]",—,—,服主,不适用,✅,原生 modinfo 与 core/config 公共字段一致。,现有能力,/usr/local/src/Wildwise/modinfo.lua,[signs_hutch](/usr/local/src/Wildwise/modinfo.lua)
Wildwise,signs_icebox,冰箱小木牌,false,true / false,"[{""description"": ""开启"", ""data"": true}, {""description"": ""关闭"", ""data"": false}]",—,—,服主,不适用,✅,原生 modinfo 与 core/config 公共字段一致。,现有能力,/usr/local/src/Wildwise/modinfo.lua,[signs_icebox](/usr/local/src/Wildwise/modinfo.lua)
Wildwise,signs_saltbox,盐盒小木牌,false,true / false,"[{""description"": ""开启"", ""data"": true}, {""description"": ""关闭"", ""data"": false}]",—,—,服主,不适用,✅,原生 modinfo 与 core/config 公共字段一致。,现有能力,/usr/local/src/Wildwise/modinfo.lua,[signs_saltbox](/usr/local/src/Wildwise/modinfo.lua)
Wildwise,signs_fish_box,鱼类储物箱小木牌,false,true / false,"[{""description"": ""开启"", ""data"": true}, {""description"": ""关闭"", ""data"": false}]",—,—,服主,不适用,✅,原生 modinfo 与 core/config 公共字段一致。,现有能力,/usr/local/src/Wildwise/modinfo.lua,[signs_fish_box](/usr/local/src/Wildwise/modinfo.lua)
Wildwise,beefalo_enabled,牛状态栏,true,true / false,"[{""description"": ""开启"", ""data"": true}, {""description"": ""关闭"", ""data"": false}]",—,—,服主,不适用,✅,原生 modinfo 与 core/config 公共字段一致。,现有能力,/usr/local/src/Wildwise/modinfo.lua,[beefalo_enabled](/usr/local/src/Wildwise/modinfo.lua)
Wildwise,beefalo_hunger_threshold,牛饥饿显示阈值,15,0 / 5 / 15 / 25,"[{""description"": ""0"", ""data"": 0}, {""description"": ""5"", ""data"": 5}, {""description"": ""15"", ""data"": 15}, {""description"": ""25"", ""data"": 25}]",—,—,服主,不适用,✅,原生 modinfo 与 core/config 公共字段一致。,现有能力,/usr/local/src/Wildwise/modinfo.lua,[beefalo_hunger_threshold](/usr/local/src/Wildwise/modinfo.lua)
